
# bug优先级
insert into `t_bug_priority` ( `key`, `name`) values ( 'P1', 'P1');
insert into `t_bug_priority` ( `key`, `name`) values ( 'P2', 'P2');
insert into `t_bug_priority` ( `key`, `name`) values ( 'P3', 'P3');
insert into `t_bug_priority` ( `key`, `name`) values ( 'P4', 'P4');
insert into `t_bug_priority` ( `key`, `name`) values ( 'P5', 'P5');

# bug严重程度
insert into `t_bug_severity` ( `key`, `name`) values ( 'Fatal', '致命');
insert into `t_bug_severity` ( `key`, `name`) values ( 'Critical', '严重');
insert into `t_bug_severity` ( `key`, `name`) values ( 'Normal', '一般');
insert into `t_bug_severity` ( `key`, `name`) values ( 'Minor', '轻微');
insert into `t_bug_severity` ( `key`, `name`) values ( 'Suggestion', '建议');

# bug解决方案
insert into `t_bug_solution` ( `key`, `name`) values ( 'Fixed', '已修复');
insert into `t_bug_solution` ( `key`, `name`) values ( 'Can\'t reproduce', '无法复现');
insert into `t_bug_solution` ( `key`, `name`) values ( 'Repeat', '重复Bug');
insert into `t_bug_solution` ( `key`, `name`) values ( 'Not a bug', '不是缺陷');
insert into `t_bug_solution` ( `key`, `name`) values ( 'Designed so', '设计如此');
insert into `t_bug_solution` ( `key`, `name`) values ( 'Requirements so', '需求如此');
insert into `t_bug_solution` ( `key`, `name`) values ( 'other', '其它');

# bug状态
insert into `t_bug_status` ( `key`, `name`) values ( 'New', '新建未分配');
insert into `t_bug_status` ( `key`, `name`) values ( 'Open', '待解决');
insert into `t_bug_status` ( `key`, `name`) values ( 'Closed', '已关闭');
insert into `t_bug_status` ( `key`, `name`) values ( 'Fixed', '已解决');
insert into `t_bug_status` ( `key`, `name`) values ( 'Reopen', '重新打开');
insert into `t_bug_status` ( `key`, `name`) values ( 'Hang-up', '挂起延期');

# bug类型
insert into `t_bug_type` ( `key`, `name`) values ( 'Function', '功能');
insert into `t_bug_type` ( `key`, `name`) values ( 'UI', 'UI');
insert into `t_bug_type` ( `key`, `name`) values ( 'compatible', '兼容适配');
insert into `t_bug_type` ( `key`, `name`) values ( 'Perfor', '性能');
insert into `t_bug_type` ( `key`, `name`) values ( 'interface', '接口');
insert into `t_bug_type` ( `key`, `name`) values ( 'PM', '需求');
insert into `t_bug_type` ( `key`, `name`) values ( 'Design', '设计');
insert into `t_bug_type` ( `key`, `name`) values ( 'Code', '代码');
insert into `t_bug_type` ( `key`, `name`) values ( 'other', '其它');

# api
insert into `t_api` ( `id`, `api_name`, `api_code`, `url`, `flag`, `create_time`) values ( '045210cf30a94f23951c7e68b9dcf5bb', '封禁用户', 'user_banned', '/api/user/banned', '用户管理', '2018-09-09 21:54:41.013389');
insert into `t_api` ( `id`, `api_name`, `api_code`, `url`, `flag`, `create_time`) values ( '04bdf9e393e3418b9f941a8a6d493065', '重新打开缺陷', 'bug_reopen', '/api/qa/bug/reopen', '缺陷', '2018-09-09 21:46:22.508814');
insert into `t_api` ( `id`, `api_name`, `api_code`, `url`, `flag`, `create_time`) values ( '0725da1a6ae74c1b90446584dd234e39', '缺陷属性信息（优先级、严重程度、类型）', 'bug_property', '/api/qa/bug/bug_property', '缺陷', '2018-09-09 21:41:51.484677');
insert into `t_api` ( `id`, `api_name`, `api_code`, `url`, `flag`, `create_time`) values ( '0c8ec92ab1964d1dba198e65eb61f23e', '一级模块增加', 'module_1_add', '/api/pm/module/1/add', '模块管理', '2018-09-09 22:11:08.630362');
insert into `t_api` ( `id`, `api_name`, `api_code`, `url`, `flag`, `create_time`) values ( '0e14a50d3984432fb7b99ff7227b5795', '上传图片附件', 'public_upload', '/api/support/upload', '公共部分', '2018-09-09 22:07:46.057965');
insert into `t_api` ( `id`, `api_name`, `api_code`, `url`, `flag`, `create_time`) values ( '0f61062a5aca4e7299a4fde489b9d83e', '测试用例执行集列表', 'testsuite_list', '/api/qa/testsuite/list', '测试用例', '2018-09-09 22:26:04.354928');
insert into `t_api` ( `id`, `api_name`, `api_code`, `url`, `flag`, `create_time`) values ( '15ed7c9856984c079c6ec1da800297b8', '产品人员列表', 'product_member_list', '/api/pm/member/list', '产品管理', '2018-09-09 22:15:43.763976');
insert into `t_api` ( `id`, `api_name`, `api_code`, `url`, `flag`, `create_time`) values ( '19a01e70033c411dabf2f734e15fa49d', '测试执行集：测试用例列表', 'testsuite_cell_detailsed_list', '/api/qa/testsuite/cell/detailed_list', '测试用例', '2018-09-09 22:32:12.875040');
insert into `t_api` ( `id`, `api_name`, `api_code`, `url`, `flag`, `create_time`) values ( '19f266cd29a14e0fa7d6c61ef5b41490', '删除缺陷', 'bug_delete', '/api/qa/bug/delete', '缺陷', '2018-09-09 21:42:21.084483');
insert into `t_api` ( `id`, `api_name`, `api_code`, `url`, `flag`, `create_time`) values ( '27b600b5bdc34bc48a3c1bebd6ef830a', '测试用例附件删除', 'testcase_annex_delete', '/api/qa/testcase/annex_delete', '测试用例', '2018-10-22 07:35:13.028507');
insert into `t_api` ( `id`, `api_name`, `api_code`, `url`, `flag`, `create_time`) values ( '2c8b2faf5934494cbed2692a71a57e96', '创建缺陷', 'bug_create', '/api/qa/bug/create', '缺陷', '2018-09-09 18:04:23.513690');
insert into `t_api` ( `id`, `api_name`, `api_code`, `url`, `flag`, `create_time`) values ( '30e7db997a2f4a3d85ce54ae5dc21e06', '编辑缺陷', 'bug_edit', '/api/qa/bug/edit', '缺陷', '2018-09-09 21:39:12.997472');
insert into `t_api` ( `id`, `api_name`, `api_code`, `url`, `flag`, `create_time`) values ( '316cd908ddab4ac280bf7c0c299b78e5', '产品人员重新加入', 'product_member_rejoin', '/api/pm/member/rejoin', '产品管理', '2018-09-09 22:16:47.586931');
insert into `t_api` ( `id`, `api_name`, `api_code`, `url`, `flag`, `create_time`) values ( '32e4fbba7762472484d0a66bbe64808d', '缺陷趋势分析', 'bug_analyze_create', '/api/analyze/bug/date/create', '缺陷', '2018-09-09 22:20:53.529293');
insert into `t_api` ( `id`, `api_name`, `api_code`, `url`, `flag`, `create_time`) values ( '3ce348164a0f4e5d9dd77eee89942042', '关闭缺陷', 'bug_close', '/api/qa/bug/close', '缺陷', '2018-09-09 21:45:51.769239');
insert into `t_api` ( `id`, `api_name`, `api_code`, `url`, `flag`, `create_time`) values ( '4d346aaedd75430aaa8be6390c6595f1', '二级模块列表', 'module_2_list', '/api/pm/module/2/list', '模块管理', '2018-09-09 22:11:42.795975');
insert into `t_api` ( `id`, `api_name`, `api_code`, `url`, `flag`, `create_time`) values ( '54c452206228426096d41dff943ad90f', '产品人员移除', 'product_member_ban', '/api/pm/member/ban', '产品管理', '2018-09-09 22:16:28.030676');
insert into `t_api` ( `id`, `api_name`, `api_code`, `url`, `flag`, `create_time`) values ( '565c01742ab34ed18d037e791a586099', '评审测试用例', 'testcase_review', '/api/qa/testcase/review', '测试用例', '2018-09-09 21:36:31.865626');
insert into `t_api` ( `id`, `api_name`, `api_code`, `url`, `flag`, `create_time`) values ( '5d9189aa7973426ebe1417d8ddcc122f', '二级模块删除', 'module_2_del', '/api/pm/module/2/del', '模块管理', '2018-09-09 22:12:39.213172');
insert into `t_api` ( `id`, `api_name`, `api_code`, `url`, `flag`, `create_time`) values ( '6067b35290e9426e96c146dcb149c0ae', '解决修复缺陷', 'bug_resolve', '/api/qa/bug/resolve', '缺陷', '2018-09-09 21:44:02.679900');
insert into `t_api` ( `id`, `api_name`, `api_code`, `url`, `flag`, `create_time`) values ( '64e6b09e09374b079afdc0e1c44a5545', '修改密码', 'user_setpasswd', '/api/user/setpasswd', '用户管理', '2018-09-09 21:57:33.754000');
insert into `t_api` ( `id`, `api_name`, `api_code`, `url`, `flag`, `create_time`) values ( '68043153e40143dd97a9acbbc3f94ac5', '缺陷解决方案列表', 'bug_solution', '/api/qa/bug/solution', '缺陷', '2018-09-09 21:40:49.325408');
insert into `t_api` ( `id`, `api_name`, `api_code`, `url`, `flag`, `create_time`) values ( '6913ad4a9a1a401eaf2ef3ee26a4a465', 'dashboard', 'public_dashboard', '/api/dashboard/data_statistics', '公共部分', '2018-09-09 22:45:58.361916');
insert into `t_api` ( `id`, `api_name`, `api_code`, `url`, `flag`, `create_time`) values ( '6cc1755a2ca1477c87a398d8dafaf1fc', '缺陷分析（优先级、严重程度、类型等）', 'bug_analyze_query', '/api/analyze/bug/query', '缺陷', '2018-09-09 22:19:39.090896');
insert into `t_api` ( `id`, `api_name`, `api_code`, `url`, `flag`, `create_time`) values ( '6d27df660a414a3fb6d73156f0cb7d3d', '测试用例列表', 'testcase_list', '/api/qa/testcase/list', '测试用例', '2018-09-09 21:18:58.554355');
insert into `t_api` ( `id`, `api_name`, `api_code`, `url`, `flag`, `create_time`) values ( '6ece36af9b1848bf810ee108f0b1c55c', '二级模块编辑', 'module_2_edit', '/api/pm/module/2/edit', '模块管理', '2018-09-09 22:12:19.798866');
insert into `t_api` ( `id`, `api_name`, `api_code`, `url`, `flag`, `create_time`) values ( '708e501b81e0428ea0f0427c4e97964a', '测试用例详情', 'testcase_details', '/api/qa/testcase/details', '测试用例', '2018-09-09 21:34:08.351895');
insert into `t_api` ( `id`, `api_name`, `api_code`, `url`, `flag`, `create_time`) values ( '71037db9d038487593da113a6b1f65be', '测试执行集：增加测试用例', 'testsuite_cell_add', '/api/qa/testsuite/cell/add', '测试用例', '2018-09-09 22:29:01.149785');
insert into `t_api` ( `id`, `api_name`, `api_code`, `url`, `flag`, `create_time`) values ( '72ab70daaf7b4f7d8a9335554ed01094', '用户列表', 'user_list', '/api/user/user_list', '用户管理', '2018-09-09 21:54:07.966925');
insert into `t_api` ( `id`, `api_name`, `api_code`, `url`, `flag`, `create_time`) values ( '782e404322e24caa9846b04207414bbb', '给用户重置密码', 'user_reset_passwd', '/api/user/reset_passwd', '用户管理', '2018-09-09 21:59:20.951504');
insert into `t_api` ( `id`, `api_name`, `api_code`, `url`, `flag`, `create_time`) values ( '7999649a6f794f2ea8b1b64ba0f52cfc', '二级模块增加', 'module_2_add', '/api/pm/module/2/add', '模块管理', '2018-09-09 22:12:02.257355');
insert into `t_api` ( `id`, `api_name`, `api_code`, `url`, `flag`, `create_time`) values ( '7c7293a59b154467b59fe87309fa72e2', '搜索测试用例', 'testcase_search', '/api/qa/testcase/search', '测试用例', '2018-09-09 21:35:41.048930');
insert into `t_api` ( `id`, `api_name`, `api_code`, `url`, `flag`, `create_time`) values ( '820b5a9cde714cd18ba0c3f2cb9fed3c', '创建测试用例', 'testcase_create', '/api/qa/testcase/add', '测试用例', '2018-09-09 21:33:16.610486');
insert into `t_api` ( `id`, `api_name`, `api_code`, `url`, `flag`, `create_time`) values ( '863cf952242545f2bf5bcca5aa8a3515', '缺陷列表', 'bug_list', '/api/qa/bug/list', '缺陷', '2018-09-09 17:29:12.118311');
insert into `t_api` ( `id`, `api_name`, `api_code`, `url`, `flag`, `create_time`) values ( '868db45b920a4bf28990bdf47cb28673', '产品列表', 'product_all_list', '/api/pm/get_product_api_name', '产品管理', '2018-09-09 22:03:00.733424');
insert into `t_api` ( `id`, `api_name`, `api_code`, `url`, `flag`, `create_time`) values ( '8dd468711f41404fab71530951d2340c', '版本创建', 'version_create', '/api/pm/release/create', '版本管理', '2018-09-09 22:08:45.494056');
insert into `t_api` ( `id`, `api_name`, `api_code`, `url`, `flag`, `create_time`) values ( '8f79ba2c30394f4fa6dc9f8b027724c3', '产品人员加入', 'product_member_join', '/api/pm/member/join', '产品管理', '2018-09-09 22:16:07.602744');
insert into `t_api` ( `id`, `api_name`, `api_code`, `url`, `flag`, `create_time`) values ( '94374b45faf04df28755f039bd883d70', '挂起缺陷', 'bug_hangup', '/api/qa/bug/hangup', '缺陷', '2018-09-09 21:47:21.551919');
insert into `t_api` ( `id`, `api_name`, `api_code`, `url`, `flag`, `create_time`) values ( '9569acd658b04880a23a21febd3c29ce', '测试用例运行', 'testsuite_run', '/api/qa/testsuite/cell/run', '测试用例', '2018-09-09 22:26:39.679360');
insert into `t_api` ( `id`, `api_name`, `api_code`, `url`, `flag`, `create_time`) values ( '994e168db4c74c588503a1174da999bc', '生成缺陷报告', 'bug_report_generate', '/api/qa/bug/report/generate', '缺陷', '2018-09-09 21:48:28.784626');
insert into `t_api` ( `id`, `api_name`, `api_code`, `url`, `flag`, `create_time`) values ( '9ab3b78b43a94ea9ad42c063a24e7f53', '创建产品', 'product_create', '/api/pm/product/create', '产品管理', '2018-09-09 22:00:45.104629');
insert into `t_api` ( `id`, `api_name`, `api_code`, `url`, `flag`, `create_time`) values ( '9b3f96f30978401681edd38ea41d75bf', '给缺陷增加备注', 'bug_notes', '/api/qa/bug/add_notes', '缺陷', '2018-09-09 21:47:43.882246');
insert into `t_api` ( `id`, `api_name`, `api_code`, `url`, `flag`, `create_time`) values ( '9c4e5773b642454180ede04e7bd6f793', '缺陷详情', 'bug_details', '/api/qa/bug/details', '缺陷', '2018-09-09 21:39:38.688695');
insert into `t_api` ( `id`, `api_name`, `api_code`, `url`, `flag`, `create_time`) values ( '9f08d915207b41adbe626a00774a9a61', '产品版本列表', 'product_release', '/api/pm/product_release', '产品管理', '2018-09-09 22:04:33.630679');
insert into `t_api` ( `id`, `api_name`, `api_code`, `url`, `flag`, `create_time`) values ( 'a14c6fdd1fd74cb6b9db2a25c6475941', '按开发人员统计缺陷', 'bug_analyze_developer', '/api/analyze/bug/developer', '缺陷', '2018-09-09 22:21:47.301458');
insert into `t_api` ( `id`, `api_name`, `api_code`, `url`, `flag`, `create_time`) values ( 'a1dece243b0142ff81f75c5b5d3f89f3', '版本列表', 'version_list', '/api/pm/release/list', '版本管理', '2018-09-09 22:09:11.877218');
insert into `t_api` ( `id`, `api_name`, `api_code`, `url`, `flag`, `create_time`) values ( 'a7afbd5edb4845869687bc43aacb4a01', '创建测试用例执行集', 'testsuite_create', '/api/qa/testsuite/create', '测试用例', '2018-09-09 22:25:40.039569');
insert into `t_api` ( `id`, `api_name`, `api_code`, `url`, `flag`, `create_time`) values ( 'aa830da9b76d44d2a1305631704f254d', '删除缺陷附件', 'bug_annex_delete', '/api/qa/bug/annex/delete', '缺陷', '2018-09-09 21:49:28.677009');
insert into `t_api` ( `id`, `api_name`, `api_code`, `url`, `flag`, `create_time`) values ( 'b6ba4637ec5849618f78e7cc5c9d7a58', '删除测试用例', 'testcase_delete', '/api/qa/testcase/del', '测试用例', '2018-09-09 21:33:43.303670');
insert into `t_api` ( `id`, `api_name`, `api_code`, `url`, `flag`, `create_time`) values ( 'bcfb5ff72d8d403d858058f2444efca1', '搜索缺陷', 'bug_search', '/api/qa/bug/search', '缺陷', '2018-09-09 21:40:16.858626');
insert into `t_api` ( `id`, `api_name`, `api_code`, `url`, `flag`, `create_time`) values ( 'bdf1edf832fe42ec93917473f9208250', '统计今日测试用例工作量', 'testcase_analyze_my_today', '/api/analyze/testcase/my_today', '测试用例', '2018-09-09 22:22:42.221809');
insert into `t_api` ( `id`, `api_name`, `api_code`, `url`, `flag`, `create_time`) values ( 'c2f61fb98e2747ee8068536327731340', '按测试人员统计缺陷', 'bug_analyze_tester', '/api/analyze/bug/tester', '缺陷', '2018-09-09 22:21:24.632336');
insert into `t_api` ( `id`, `api_name`, `api_code`, `url`, `flag`, `create_time`) values ( 'c7f6188a109543bfa3d953e2a00dacca', '失效测试用例', 'testcase_fail', '/api/qa/testcase/fall', '测试用例', '2018-09-09 21:37:23.027153');
insert into `t_api` ( `id`, `api_name`, `api_code`, `url`, `flag`, `create_time`) values ( 'd43210b4c9234f9a88e7a78beb24f36f', '测试执行集：已选的测试用例列表', 'testsuite_cell_brief_list', '/api/qa/testsuite/cell/brief_list', '测试用例', '2018-09-09 22:34:02.758692');
insert into `t_api` ( `id`, `api_name`, `api_code`, `url`, `flag`, `create_time`) values ( 'd86f172da2d44497aaa0474b791c4f6d', '获取用户信息', 'user_userinfo', '/api/user/userinfo', '用户管理', '2018-09-09 21:56:35.787525');
insert into `t_api` ( `id`, `api_name`, `api_code`, `url`, `flag`, `create_time`) values ( 'e4e118f015b941e0ad039971d1d6658e', '创建用户', 'user_add', '/api/user/add', '用户管理', '2018-09-09 21:55:21.658182');
insert into `t_api` ( `id`, `api_name`, `api_code`, `url`, `flag`, `create_time`) values ( 'e64a095d843041f3bc17eb6fa992032f', '有效的测试用例列表', 'testcase_valid_list', '/api/qa/testcase/valid_list', '测试用例', '2018-09-09 22:34:40.804703');
insert into `t_api` ( `id`, `api_name`, `api_code`, `url`, `flag`, `create_time`) values ( 'e9e8f559390c46ff8f15ed870ee3594e', '模块列表树', 'module_all_list', '/api/pm/get_module', '模块管理', '2018-09-09 22:10:10.690063');
insert into `t_api` ( `id`, `api_name`, `api_code`, `url`, `flag`, `create_time`) values ( 'e9eb50e0646f4198aa4cbefbdd01403f', '缺陷报告详情', 'bug_report_details', '/api/qa/bug/report/details', '缺陷', '2018-09-09 21:48:52.653870');
insert into `t_api` ( `id`, `api_name`, `api_code`, `url`, `flag`, `create_time`) values ( 'ec23739ecfe742b89e0854cf487b5c54', '编辑测试用例', 'testcase_edit', '/api/qa/testcase/edit', '测试用例', '2018-09-09 21:34:40.653532');
insert into `t_api` ( `id`, `api_name`, `api_code`, `url`, `flag`, `create_time`) values ( 'ec4d17bae1584c2db469d38a0693ae09', '一级模块列表', 'module_1_list', '/api/pm/module/1/list', '模块管理', '2018-09-09 22:10:44.835845');
insert into `t_api` ( `id`, `api_name`, `api_code`, `url`, `flag`, `create_time`) values ( 'f4fdd5cc44d049ccbcb86da50ffeca51', '缺陷分析_我的今天', 'bug_analyze_my_today', '/api/analyze/bug/my_today', '缺陷', '2018-09-09 22:20:21.709562');
insert into `t_api` ( `id`, `api_name`, `api_code`, `url`, `flag`, `create_time`) values ( 'f702d500989048b4801d0a538bb73027', '获取用户组列表', 'user_group', '/api/user/group', '用户管理', '2018-09-09 21:56:04.568396');
insert into `t_api` ( `id`, `api_name`, `api_code`, `url`, `flag`, `create_time`) values ( 'f8f590873fbd4808b82d4e8186b6f4cf', '分配缺陷', 'bug_assign', '/api/qa/bug/assign', '缺陷', '2018-09-09 21:44:29.029846');


# bug api 权限
insert into `t_api_permissions` ( `is_allow`, `create_time`, `api_id`, `group`) values ( '1', '2018-09-10 06:48:00.000000', '6913ad4a9a1a401eaf2ef3ee26a4a465', 'test');
insert into `t_api_permissions` ( `is_allow`, `create_time`, `api_id`, `group`) values ( '1', '2018-09-10 06:48:00.000000', 'ec4d17bae1584c2db469d38a0693ae09', 'test');
insert into `t_api_permissions` ( `is_allow`, `create_time`, `api_id`, `group`) values ( '1', '2018-09-10 06:48:00.000000', '0c8ec92ab1964d1dba198e65eb61f23e', 'test');
insert into `t_api_permissions` ( `is_allow`, `create_time`, `api_id`, `group`) values ( '1', '2018-09-10 06:48:00.000000', '0e14a50d3984432fb7b99ff7227b5795', 'test');
insert into `t_api_permissions` ( `is_allow`, `create_time`, `api_id`, `group`) values ( '1', '2018-09-10 06:48:00.000000', '4d346aaedd75430aaa8be6390c6595f1', 'test');
insert into `t_api_permissions` ( `is_allow`, `create_time`, `api_id`, `group`) values ( '1', '2018-09-10 06:48:00.000000', '5d9189aa7973426ebe1417d8ddcc122f', 'test');
insert into `t_api_permissions` ( `is_allow`, `create_time`, `api_id`, `group`) values ( '1', '2018-09-10 06:48:00.000000', '7999649a6f794f2ea8b1b64ba0f52cfc', 'test');
insert into `t_api_permissions` ( `is_allow`, `create_time`, `api_id`, `group`) values ( '1', '2018-09-10 06:48:00.000000', '6ece36af9b1848bf810ee108f0b1c55c', 'test');
insert into `t_api_permissions` ( `is_allow`, `create_time`, `api_id`, `group`) values ( '1', '2018-09-10 06:48:00.000000', '15ed7c9856984c079c6ec1da800297b8', 'test');
insert into `t_api_permissions` ( `is_allow`, `create_time`, `api_id`, `group`) values ( '-1', '2018-09-10 06:48:00.000000', '8f79ba2c30394f4fa6dc9f8b027724c3', 'test');
insert into `t_api_permissions` ( `is_allow`, `create_time`, `api_id`, `group`) values ( '-1', '2018-09-10 06:48:00.000000', '54c452206228426096d41dff943ad90f', 'test');
insert into `t_api_permissions` ( `is_allow`, `create_time`, `api_id`, `group`) values ( '-1', '2018-09-10 06:48:00.000000', '316cd908ddab4ac280bf7c0c299b78e5', 'test');
insert into `t_api_permissions` ( `is_allow`, `create_time`, `api_id`, `group`) values ( '1', '2018-09-10 06:48:00.000000', '868db45b920a4bf28990bdf47cb28673', 'test');
insert into `t_api_permissions` ( `is_allow`, `create_time`, `api_id`, `group`) values ( '1', '2018-09-10 06:48:00.000000', '9f08d915207b41adbe626a00774a9a61', 'test');
insert into `t_api_permissions` ( `is_allow`, `create_time`, `api_id`, `group`) values ( '1', '2018-09-10 06:48:00.000000', '64e6b09e09374b079afdc0e1c44a5545', 'test');
insert into `t_api_permissions` ( `is_allow`, `create_time`, `api_id`, `group`) values ( '1', '2018-09-10 06:48:00.000000', '3ce348164a0f4e5d9dd77eee89942042', 'test');
insert into `t_api_permissions` ( `is_allow`, `create_time`, `api_id`, `group`) values ( '1', '2018-09-10 06:48:00.000000', 'f8f590873fbd4808b82d4e8186b6f4cf', 'test');
insert into `t_api_permissions` ( `is_allow`, `create_time`, `api_id`, `group`) values ( '-1', '2018-09-10 06:48:00.000000', '9ab3b78b43a94ea9ad42c063a24e7f53', 'test');
insert into `t_api_permissions` ( `is_allow`, `create_time`, `api_id`, `group`) values ( '1', '2018-09-10 06:48:00.000000', '820b5a9cde714cd18ba0c3f2cb9fed3c', 'test');
insert into `t_api_permissions` ( `is_allow`, `create_time`, `api_id`, `group`) values ( '1', '2018-09-10 06:48:00.000000', 'a7afbd5edb4845869687bc43aacb4a01', 'test');
insert into `t_api_permissions` ( `is_allow`, `create_time`, `api_id`, `group`) values ( '-1', '2018-09-10 06:48:00.000000', 'e4e118f015b941e0ad039971d1d6658e', 'test');
insert into `t_api_permissions` ( `is_allow`, `create_time`, `api_id`, `group`) values ( '1', '2018-09-10 06:48:00.000000', '2c8b2faf5934494cbed2692a71a57e96', 'test');
insert into `t_api_permissions` ( `is_allow`, `create_time`, `api_id`, `group`) values ( '1', '2018-09-10 06:48:00.000000', 'b6ba4637ec5849618f78e7cc5c9d7a58', 'test');
insert into `t_api_permissions` ( `is_allow`, `create_time`, `api_id`, `group`) values ( '1', '2018-09-10 06:48:00.000000', '19f266cd29a14e0fa7d6c61ef5b41490', 'test');
insert into `t_api_permissions` ( `is_allow`, `create_time`, `api_id`, `group`) values ( '1', '2018-09-10 06:48:00.000000', 'aa830da9b76d44d2a1305631704f254d', 'test');
insert into `t_api_permissions` ( `is_allow`, `create_time`, `api_id`, `group`) values ( '1', '2018-09-10 06:48:00.000000', 'c7f6188a109543bfa3d953e2a00dacca', 'test');
insert into `t_api_permissions` ( `is_allow`, `create_time`, `api_id`, `group`) values ( '-1', '2018-09-10 06:48:00.000000', '045210cf30a94f23951c7e68b9dcf5bb', 'test');
insert into `t_api_permissions` ( `is_allow`, `create_time`, `api_id`, `group`) values ( '1', '2018-09-10 06:48:00.000000', '94374b45faf04df28755f039bd883d70', 'test');
insert into `t_api_permissions` ( `is_allow`, `create_time`, `api_id`, `group`) values ( '1', '2018-09-10 06:48:00.000000', 'a14c6fdd1fd74cb6b9db2a25c6475941', 'test');
insert into `t_api_permissions` ( `is_allow`, `create_time`, `api_id`, `group`) values ( '1', '2018-09-10 06:48:00.000000', 'c2f61fb98e2747ee8068536327731340', 'test');
insert into `t_api_permissions` ( `is_allow`, `create_time`, `api_id`, `group`) values ( '1', '2018-09-10 06:48:00.000000', '7c7293a59b154467b59fe87309fa72e2', 'test');
insert into `t_api_permissions` ( `is_allow`, `create_time`, `api_id`, `group`) values ( '1', '2018-09-10 06:48:00.000000', 'bcfb5ff72d8d403d858058f2444efca1', 'test');
insert into `t_api_permissions` ( `is_allow`, `create_time`, `api_id`, `group`) values ( '1', '2018-09-10 06:48:00.000000', 'e64a095d843041f3bc17eb6fa992032f', 'test');
insert into `t_api_permissions` ( `is_allow`, `create_time`, `api_id`, `group`) values ( '1', '2018-09-10 06:48:00.000000', 'e9e8f559390c46ff8f15ed870ee3594e', 'test');
insert into `t_api_permissions` ( `is_allow`, `create_time`, `api_id`, `group`) values ( '1', '2018-09-10 06:48:00.000000', '71037db9d038487593da113a6b1f65be', 'test');
insert into `t_api_permissions` ( `is_allow`, `create_time`, `api_id`, `group`) values ( '1', '2018-09-10 06:48:00.000000', 'd43210b4c9234f9a88e7a78beb24f36f', 'test');
insert into `t_api_permissions` ( `is_allow`, `create_time`, `api_id`, `group`) values ( '1', '2018-09-10 06:48:00.000000', '19a01e70033c411dabf2f734e15fa49d', 'test');
insert into `t_api_permissions` ( `is_allow`, `create_time`, `api_id`, `group`) values ( '1', '2018-09-10 06:48:00.000000', '6d27df660a414a3fb6d73156f0cb7d3d', 'test');
insert into `t_api_permissions` ( `is_allow`, `create_time`, `api_id`, `group`) values ( '1', '2018-09-10 06:48:00.000000', '0f61062a5aca4e7299a4fde489b9d83e', 'test');
insert into `t_api_permissions` ( `is_allow`, `create_time`, `api_id`, `group`) values ( '1', '2018-09-10 06:48:00.000000', '708e501b81e0428ea0f0427c4e97964a', 'test');
insert into `t_api_permissions` ( `is_allow`, `create_time`, `api_id`, `group`) values ( '1', '2018-09-10 06:48:00.000000', '9569acd658b04880a23a21febd3c29ce', 'test');
insert into `t_api_permissions` ( `is_allow`, `create_time`, `api_id`, `group`) values ( '1', '2018-09-10 06:48:00.000000', 'a1dece243b0142ff81f75c5b5d3f89f3', 'test');
insert into `t_api_permissions` ( `is_allow`, `create_time`, `api_id`, `group`) values ( '-1', '2018-09-10 06:48:00.000000', '8dd468711f41404fab71530951d2340c', 'test');
insert into `t_api_permissions` ( `is_allow`, `create_time`, `api_id`, `group`) values ( '1', '2018-09-10 06:48:00.000000', '994e168db4c74c588503a1174da999bc', 'test');
insert into `t_api_permissions` ( `is_allow`, `create_time`, `api_id`, `group`) values ( '1', '2018-09-10 06:48:00.000000', '72ab70daaf7b4f7d8a9335554ed01094', 'test');
insert into `t_api_permissions` ( `is_allow`, `create_time`, `api_id`, `group`) values ( '-1', '2018-09-10 06:48:00.000000', '782e404322e24caa9846b04207414bbb', 'test');
insert into `t_api_permissions` ( `is_allow`, `create_time`, `api_id`, `group`) values ( '1', '2018-09-10 06:48:00.000000', '9b3f96f30978401681edd38ea41d75bf', 'test');
insert into `t_api_permissions` ( `is_allow`, `create_time`, `api_id`, `group`) values ( '1', '2018-09-10 06:48:00.000000', 'bdf1edf832fe42ec93917473f9208250', 'test');
insert into `t_api_permissions` ( `is_allow`, `create_time`, `api_id`, `group`) values ( '1', '2018-09-10 06:48:00.000000', 'ec23739ecfe742b89e0854cf487b5c54', 'test');
insert into `t_api_permissions` ( `is_allow`, `create_time`, `api_id`, `group`) values ( '1', '2018-09-10 06:48:00.000000', '30e7db997a2f4a3d85ce54ae5dc21e06', 'test');
insert into `t_api_permissions` ( `is_allow`, `create_time`, `api_id`, `group`) values ( '1', '2018-09-10 06:48:00.000000', 'f4fdd5cc44d049ccbcb86da50ffeca51', 'test');
insert into `t_api_permissions` ( `is_allow`, `create_time`, `api_id`, `group`) values ( '1', '2018-09-10 06:48:00.000000', '6cc1755a2ca1477c87a398d8dafaf1fc', 'test');
insert into `t_api_permissions` ( `is_allow`, `create_time`, `api_id`, `group`) values ( '1', '2018-09-10 06:48:00.000000', '863cf952242545f2bf5bcca5aa8a3515', 'test');
insert into `t_api_permissions` ( `is_allow`, `create_time`, `api_id`, `group`) values ( '1', '2018-09-10 06:48:00.000000', '0725da1a6ae74c1b90446584dd234e39', 'test');
insert into `t_api_permissions` ( `is_allow`, `create_time`, `api_id`, `group`) values ( '1', '2018-09-10 06:48:00.000000', 'e9eb50e0646f4198aa4cbefbdd01403f', 'test');
insert into `t_api_permissions` ( `is_allow`, `create_time`, `api_id`, `group`) values ( '1', '2018-09-10 06:48:00.000000', '68043153e40143dd97a9acbbc3f94ac5', 'test');
insert into `t_api_permissions` ( `is_allow`, `create_time`, `api_id`, `group`) values ( '1', '2018-09-10 06:48:00.000000', '9c4e5773b642454180ede04e7bd6f793', 'test');
insert into `t_api_permissions` ( `is_allow`, `create_time`, `api_id`, `group`) values ( '1', '2018-09-10 06:48:00.000000', '32e4fbba7762472484d0a66bbe64808d', 'test');
insert into `t_api_permissions` ( `is_allow`, `create_time`, `api_id`, `group`) values ( '1', '2018-09-10 06:48:00.000000', 'd86f172da2d44497aaa0474b791c4f6d', 'test');
insert into `t_api_permissions` ( `is_allow`, `create_time`, `api_id`, `group`) values ( '1', '2018-09-10 06:48:00.000000', 'f702d500989048b4801d0a538bb73027', 'test');
insert into `t_api_permissions` ( `is_allow`, `create_time`, `api_id`, `group`) values ( '1', '2018-09-10 06:48:00.000000', '6067b35290e9426e96c146dcb149c0ae', 'test');
insert into `t_api_permissions` ( `is_allow`, `create_time`, `api_id`, `group`) values ( '1', '2018-09-10 06:48:00.000000', '565c01742ab34ed18d037e791a586099', 'test');
insert into `t_api_permissions` ( `is_allow`, `create_time`, `api_id`, `group`) values ( '1', '2018-09-10 06:48:00.000000', '04bdf9e393e3418b9f941a8a6d493065', 'test');
insert into `t_api_permissions` ( `is_allow`, `create_time`, `api_id`, `group`) values ( '1', '2018-09-10 06:48:00.000000', '6913ad4a9a1a401eaf2ef3ee26a4a465', 'developer');
insert into `t_api_permissions` ( `is_allow`, `create_time`, `api_id`, `group`) values ( '1', '2018-09-10 06:48:00.000000', 'ec4d17bae1584c2db469d38a0693ae09', 'developer');
insert into `t_api_permissions` ( `is_allow`, `create_time`, `api_id`, `group`) values ( '1', '2018-09-10 06:48:00.000000', '0c8ec92ab1964d1dba198e65eb61f23e', 'developer');
insert into `t_api_permissions` ( `is_allow`, `create_time`, `api_id`, `group`) values ( '1', '2018-09-10 06:48:00.000000', '0e14a50d3984432fb7b99ff7227b5795', 'developer');
insert into `t_api_permissions` ( `is_allow`, `create_time`, `api_id`, `group`) values ( '1', '2018-09-10 06:48:00.000000', '4d346aaedd75430aaa8be6390c6595f1', 'developer');
insert into `t_api_permissions` ( `is_allow`, `create_time`, `api_id`, `group`) values ( '1', '2018-09-10 06:48:00.000000', '5d9189aa7973426ebe1417d8ddcc122f', 'developer');
insert into `t_api_permissions` ( `is_allow`, `create_time`, `api_id`, `group`) values ( '1', '2018-09-10 06:48:00.000000', '7999649a6f794f2ea8b1b64ba0f52cfc', 'developer');
insert into `t_api_permissions` ( `is_allow`, `create_time`, `api_id`, `group`) values ( '1', '2018-09-10 06:48:00.000000', '6ece36af9b1848bf810ee108f0b1c55c', 'developer');
insert into `t_api_permissions` ( `is_allow`, `create_time`, `api_id`, `group`) values ( '1', '2018-09-10 06:48:00.000000', '15ed7c9856984c079c6ec1da800297b8', 'developer');
insert into `t_api_permissions` ( `is_allow`, `create_time`, `api_id`, `group`) values ( '-1', '2018-09-10 06:48:00.000000', '8f79ba2c30394f4fa6dc9f8b027724c3', 'developer');
insert into `t_api_permissions` ( `is_allow`, `create_time`, `api_id`, `group`) values ( '-1', '2018-09-10 06:48:00.000000', '54c452206228426096d41dff943ad90f', 'developer');
insert into `t_api_permissions` ( `is_allow`, `create_time`, `api_id`, `group`) values ( '-1', '2018-09-10 06:48:00.000000', '316cd908ddab4ac280bf7c0c299b78e5', 'developer');
insert into `t_api_permissions` ( `is_allow`, `create_time`, `api_id`, `group`) values ( '1', '2018-09-10 06:48:00.000000', '868db45b920a4bf28990bdf47cb28673', 'developer');
insert into `t_api_permissions` ( `is_allow`, `create_time`, `api_id`, `group`) values ( '1', '2018-09-10 06:48:00.000000', '9f08d915207b41adbe626a00774a9a61', 'developer');
insert into `t_api_permissions` ( `is_allow`, `create_time`, `api_id`, `group`) values ( '1', '2018-09-10 06:48:00.000000', '64e6b09e09374b079afdc0e1c44a5545', 'developer');
insert into `t_api_permissions` ( `is_allow`, `create_time`, `api_id`, `group`) values ( '-1', '2018-09-10 06:48:00.000000', '3ce348164a0f4e5d9dd77eee89942042', 'developer');
insert into `t_api_permissions` ( `is_allow`, `create_time`, `api_id`, `group`) values ( '1', '2018-09-10 06:48:00.000000', 'f8f590873fbd4808b82d4e8186b6f4cf', 'developer');
insert into `t_api_permissions` ( `is_allow`, `create_time`, `api_id`, `group`) values ( '-1', '2018-09-10 06:48:00.000000', '9ab3b78b43a94ea9ad42c063a24e7f53', 'developer');
insert into `t_api_permissions` ( `is_allow`, `create_time`, `api_id`, `group`) values ( '1', '2018-09-10 06:48:00.000000', '820b5a9cde714cd18ba0c3f2cb9fed3c', 'developer');
insert into `t_api_permissions` ( `is_allow`, `create_time`, `api_id`, `group`) values ( '1', '2018-09-10 06:48:00.000000', 'a7afbd5edb4845869687bc43aacb4a01', 'developer');
insert into `t_api_permissions` ( `is_allow`, `create_time`, `api_id`, `group`) values ( '-1', '2018-09-10 06:48:00.000000', 'e4e118f015b941e0ad039971d1d6658e', 'developer');
insert into `t_api_permissions` ( `is_allow`, `create_time`, `api_id`, `group`) values ( '1', '2018-09-10 06:48:00.000000', '2c8b2faf5934494cbed2692a71a57e96', 'developer');
insert into `t_api_permissions` ( `is_allow`, `create_time`, `api_id`, `group`) values ( '1', '2018-09-10 06:48:00.000000', 'b6ba4637ec5849618f78e7cc5c9d7a58', 'developer');
insert into `t_api_permissions` ( `is_allow`, `create_time`, `api_id`, `group`) values ( '-1', '2018-09-10 06:48:00.000000', '19f266cd29a14e0fa7d6c61ef5b41490', 'developer');
insert into `t_api_permissions` ( `is_allow`, `create_time`, `api_id`, `group`) values ( '1', '2018-09-10 06:48:00.000000', 'aa830da9b76d44d2a1305631704f254d', 'developer');
insert into `t_api_permissions` ( `is_allow`, `create_time`, `api_id`, `group`) values ( '1', '2018-09-10 06:48:00.000000', 'c7f6188a109543bfa3d953e2a00dacca', 'developer');
insert into `t_api_permissions` ( `is_allow`, `create_time`, `api_id`, `group`) values ( '-1', '2018-09-10 06:48:00.000000', '045210cf30a94f23951c7e68b9dcf5bb', 'developer');
insert into `t_api_permissions` ( `is_allow`, `create_time`, `api_id`, `group`) values ( '1', '2018-09-10 06:48:00.000000', '94374b45faf04df28755f039bd883d70', 'developer');
insert into `t_api_permissions` ( `is_allow`, `create_time`, `api_id`, `group`) values ( '1', '2018-09-10 06:48:00.000000', 'a14c6fdd1fd74cb6b9db2a25c6475941', 'developer');
insert into `t_api_permissions` ( `is_allow`, `create_time`, `api_id`, `group`) values ( '1', '2018-09-10 06:48:00.000000', 'c2f61fb98e2747ee8068536327731340', 'developer');
insert into `t_api_permissions` ( `is_allow`, `create_time`, `api_id`, `group`) values ( '1', '2018-09-10 06:48:00.000000', '7c7293a59b154467b59fe87309fa72e2', 'developer');
insert into `t_api_permissions` ( `is_allow`, `create_time`, `api_id`, `group`) values ( '1', '2018-09-10 06:48:00.000000', 'bcfb5ff72d8d403d858058f2444efca1', 'developer');
insert into `t_api_permissions` ( `is_allow`, `create_time`, `api_id`, `group`) values ( '1', '2018-09-10 06:48:00.000000', 'e64a095d843041f3bc17eb6fa992032f', 'developer');
insert into `t_api_permissions` ( `is_allow`, `create_time`, `api_id`, `group`) values ( '1', '2018-09-10 06:48:00.000000', 'e9e8f559390c46ff8f15ed870ee3594e', 'developer');
insert into `t_api_permissions` ( `is_allow`, `create_time`, `api_id`, `group`) values ( '1', '2018-09-10 06:48:00.000000', '71037db9d038487593da113a6b1f65be', 'developer');
insert into `t_api_permissions` ( `is_allow`, `create_time`, `api_id`, `group`) values ( '1', '2018-09-10 06:48:00.000000', 'd43210b4c9234f9a88e7a78beb24f36f', 'developer');
insert into `t_api_permissions` ( `is_allow`, `create_time`, `api_id`, `group`) values ( '1', '2018-09-10 06:48:00.000000', '19a01e70033c411dabf2f734e15fa49d', 'developer');
insert into `t_api_permissions` ( `is_allow`, `create_time`, `api_id`, `group`) values ( '1', '2018-09-10 06:48:00.000000', '6d27df660a414a3fb6d73156f0cb7d3d', 'developer');
insert into `t_api_permissions` ( `is_allow`, `create_time`, `api_id`, `group`) values ( '1', '2018-09-10 06:48:00.000000', '0f61062a5aca4e7299a4fde489b9d83e', 'developer');
insert into `t_api_permissions` ( `is_allow`, `create_time`, `api_id`, `group`) values ( '1', '2018-09-10 06:48:00.000000', '708e501b81e0428ea0f0427c4e97964a', 'developer');
insert into `t_api_permissions` ( `is_allow`, `create_time`, `api_id`, `group`) values ( '1', '2018-09-10 06:48:00.000000', '9569acd658b04880a23a21febd3c29ce', 'developer');
insert into `t_api_permissions` ( `is_allow`, `create_time`, `api_id`, `group`) values ( '1', '2018-09-10 06:48:00.000000', 'a1dece243b0142ff81f75c5b5d3f89f3', 'developer');
insert into `t_api_permissions` ( `is_allow`, `create_time`, `api_id`, `group`) values ( '-1', '2018-09-10 06:48:00.000000', '8dd468711f41404fab71530951d2340c', 'developer');
insert into `t_api_permissions` ( `is_allow`, `create_time`, `api_id`, `group`) values ( '1', '2018-09-10 06:48:00.000000', '994e168db4c74c588503a1174da999bc', 'developer');
insert into `t_api_permissions` ( `is_allow`, `create_time`, `api_id`, `group`) values ( '1', '2018-09-10 06:48:00.000000', '72ab70daaf7b4f7d8a9335554ed01094', 'developer');
insert into `t_api_permissions` ( `is_allow`, `create_time`, `api_id`, `group`) values ( '-1', '2018-09-10 06:48:00.000000', '782e404322e24caa9846b04207414bbb', 'developer');
insert into `t_api_permissions` ( `is_allow`, `create_time`, `api_id`, `group`) values ( '1', '2018-09-10 06:48:00.000000', '9b3f96f30978401681edd38ea41d75bf', 'developer');
insert into `t_api_permissions` ( `is_allow`, `create_time`, `api_id`, `group`) values ( '1', '2018-09-10 06:48:00.000000', 'bdf1edf832fe42ec93917473f9208250', 'developer');
insert into `t_api_permissions` ( `is_allow`, `create_time`, `api_id`, `group`) values ( '1', '2018-09-10 06:48:00.000000', 'ec23739ecfe742b89e0854cf487b5c54', 'developer');
insert into `t_api_permissions` ( `is_allow`, `create_time`, `api_id`, `group`) values ( '1', '2018-09-10 06:48:00.000000', '30e7db997a2f4a3d85ce54ae5dc21e06', 'developer');
insert into `t_api_permissions` ( `is_allow`, `create_time`, `api_id`, `group`) values ( '1', '2018-09-10 06:48:00.000000', 'f4fdd5cc44d049ccbcb86da50ffeca51', 'developer');
insert into `t_api_permissions` ( `is_allow`, `create_time`, `api_id`, `group`) values ( '1', '2018-09-10 06:48:00.000000', '6cc1755a2ca1477c87a398d8dafaf1fc', 'developer');
insert into `t_api_permissions` ( `is_allow`, `create_time`, `api_id`, `group`) values ( '1', '2018-09-10 06:48:00.000000', '863cf952242545f2bf5bcca5aa8a3515', 'developer');
insert into `t_api_permissions` ( `is_allow`, `create_time`, `api_id`, `group`) values ( '1', '2018-09-10 06:48:00.000000', '0725da1a6ae74c1b90446584dd234e39', 'developer');
insert into `t_api_permissions` ( `is_allow`, `create_time`, `api_id`, `group`) values ( '1', '2018-09-10 06:48:00.000000', 'e9eb50e0646f4198aa4cbefbdd01403f', 'developer');
insert into `t_api_permissions` ( `is_allow`, `create_time`, `api_id`, `group`) values ( '1', '2018-09-10 06:48:00.000000', '68043153e40143dd97a9acbbc3f94ac5', 'developer');
insert into `t_api_permissions` ( `is_allow`, `create_time`, `api_id`, `group`) values ( '1', '2018-09-10 06:48:00.000000', '9c4e5773b642454180ede04e7bd6f793', 'developer');
insert into `t_api_permissions` ( `is_allow`, `create_time`, `api_id`, `group`) values ( '1', '2018-09-10 06:48:00.000000', '32e4fbba7762472484d0a66bbe64808d', 'developer');
insert into `t_api_permissions` ( `is_allow`, `create_time`, `api_id`, `group`) values ( '1', '2018-09-10 06:48:00.000000', 'd86f172da2d44497aaa0474b791c4f6d', 'developer');
insert into `t_api_permissions` ( `is_allow`, `create_time`, `api_id`, `group`) values ( '1', '2018-09-10 06:48:00.000000', 'f702d500989048b4801d0a538bb73027', 'developer');
insert into `t_api_permissions` ( `is_allow`, `create_time`, `api_id`, `group`) values ( '1', '2018-09-10 06:48:00.000000', '6067b35290e9426e96c146dcb149c0ae', 'developer');
insert into `t_api_permissions` ( `is_allow`, `create_time`, `api_id`, `group`) values ( '1', '2018-09-10 06:48:00.000000', '565c01742ab34ed18d037e791a586099', 'developer');
insert into `t_api_permissions` ( `is_allow`, `create_time`, `api_id`, `group`) values ( '1', '2018-09-10 06:48:00.000000', '04bdf9e393e3418b9f941a8a6d493065', 'developer');
insert into `t_api_permissions` ( `is_allow`, `create_time`, `api_id`, `group`) values ( '1', '2018-09-10 06:48:00.000000', '6913ad4a9a1a401eaf2ef3ee26a4a465', 'design');
insert into `t_api_permissions` ( `is_allow`, `create_time`, `api_id`, `group`) values ( '1', '2018-09-10 06:48:00.000000', 'ec4d17bae1584c2db469d38a0693ae09', 'design');
insert into `t_api_permissions` ( `is_allow`, `create_time`, `api_id`, `group`) values ( '1', '2018-09-10 06:48:00.000000', '0c8ec92ab1964d1dba198e65eb61f23e', 'design');
insert into `t_api_permissions` ( `is_allow`, `create_time`, `api_id`, `group`) values ( '1', '2018-09-10 06:48:00.000000', '0e14a50d3984432fb7b99ff7227b5795', 'design');
insert into `t_api_permissions` ( `is_allow`, `create_time`, `api_id`, `group`) values ( '1', '2018-09-10 06:48:00.000000', '4d346aaedd75430aaa8be6390c6595f1', 'design');
insert into `t_api_permissions` ( `is_allow`, `create_time`, `api_id`, `group`) values ( '1', '2018-09-10 06:48:00.000000', '5d9189aa7973426ebe1417d8ddcc122f', 'design');
insert into `t_api_permissions` ( `is_allow`, `create_time`, `api_id`, `group`) values ( '1', '2018-09-10 06:48:00.000000', '7999649a6f794f2ea8b1b64ba0f52cfc', 'design');
insert into `t_api_permissions` ( `is_allow`, `create_time`, `api_id`, `group`) values ( '1', '2018-09-10 06:48:00.000000', '6ece36af9b1848bf810ee108f0b1c55c', 'design');
insert into `t_api_permissions` ( `is_allow`, `create_time`, `api_id`, `group`) values ( '1', '2018-09-10 06:48:00.000000', '15ed7c9856984c079c6ec1da800297b8', 'design');
insert into `t_api_permissions` ( `is_allow`, `create_time`, `api_id`, `group`) values ( '-1', '2018-09-10 06:48:00.000000', '8f79ba2c30394f4fa6dc9f8b027724c3', 'design');
insert into `t_api_permissions` ( `is_allow`, `create_time`, `api_id`, `group`) values ( '-1', '2018-09-10 06:48:00.000000', '54c452206228426096d41dff943ad90f', 'design');
insert into `t_api_permissions` ( `is_allow`, `create_time`, `api_id`, `group`) values ( '-1', '2018-09-10 06:48:00.000000', '316cd908ddab4ac280bf7c0c299b78e5', 'design');
insert into `t_api_permissions` ( `is_allow`, `create_time`, `api_id`, `group`) values ( '1', '2018-09-10 06:48:00.000000', '868db45b920a4bf28990bdf47cb28673', 'design');
insert into `t_api_permissions` ( `is_allow`, `create_time`, `api_id`, `group`) values ( '1', '2018-09-10 06:48:00.000000', '9f08d915207b41adbe626a00774a9a61', 'design');
insert into `t_api_permissions` ( `is_allow`, `create_time`, `api_id`, `group`) values ( '1', '2018-09-10 06:48:00.000000', '64e6b09e09374b079afdc0e1c44a5545', 'design');
insert into `t_api_permissions` ( `is_allow`, `create_time`, `api_id`, `group`) values ( '-1', '2018-09-10 06:48:00.000000', '3ce348164a0f4e5d9dd77eee89942042', 'design');
insert into `t_api_permissions` ( `is_allow`, `create_time`, `api_id`, `group`) values ( '1', '2018-09-10 06:48:00.000000', 'f8f590873fbd4808b82d4e8186b6f4cf', 'design');
insert into `t_api_permissions` ( `is_allow`, `create_time`, `api_id`, `group`) values ( '-1', '2018-09-10 06:48:00.000000', '9ab3b78b43a94ea9ad42c063a24e7f53', 'design');
insert into `t_api_permissions` ( `is_allow`, `create_time`, `api_id`, `group`) values ( '1', '2018-09-10 06:48:00.000000', '820b5a9cde714cd18ba0c3f2cb9fed3c', 'design');
insert into `t_api_permissions` ( `is_allow`, `create_time`, `api_id`, `group`) values ( '1', '2018-09-10 06:48:00.000000', 'a7afbd5edb4845869687bc43aacb4a01', 'design');
insert into `t_api_permissions` ( `is_allow`, `create_time`, `api_id`, `group`) values ( '-1', '2018-09-10 06:48:00.000000', 'e4e118f015b941e0ad039971d1d6658e', 'design');
insert into `t_api_permissions` ( `is_allow`, `create_time`, `api_id`, `group`) values ( '1', '2018-09-10 06:48:00.000000', '2c8b2faf5934494cbed2692a71a57e96', 'design');
insert into `t_api_permissions` ( `is_allow`, `create_time`, `api_id`, `group`) values ( '1', '2018-09-10 06:48:00.000000', 'b6ba4637ec5849618f78e7cc5c9d7a58', 'design');
insert into `t_api_permissions` ( `is_allow`, `create_time`, `api_id`, `group`) values ( '-1', '2018-09-10 06:48:00.000000', '19f266cd29a14e0fa7d6c61ef5b41490', 'design');
insert into `t_api_permissions` ( `is_allow`, `create_time`, `api_id`, `group`) values ( '1', '2018-09-10 06:48:00.000000', 'aa830da9b76d44d2a1305631704f254d', 'design');
insert into `t_api_permissions` ( `is_allow`, `create_time`, `api_id`, `group`) values ( '1', '2018-09-10 06:48:00.000000', 'c7f6188a109543bfa3d953e2a00dacca', 'design');
insert into `t_api_permissions` ( `is_allow`, `create_time`, `api_id`, `group`) values ( '-1', '2018-09-10 06:48:00.000000', '045210cf30a94f23951c7e68b9dcf5bb', 'design');
insert into `t_api_permissions` ( `is_allow`, `create_time`, `api_id`, `group`) values ( '1', '2018-09-10 06:48:00.000000', '94374b45faf04df28755f039bd883d70', 'design');
insert into `t_api_permissions` ( `is_allow`, `create_time`, `api_id`, `group`) values ( '1', '2018-09-10 06:48:00.000000', 'a14c6fdd1fd74cb6b9db2a25c6475941', 'design');
insert into `t_api_permissions` ( `is_allow`, `create_time`, `api_id`, `group`) values ( '1', '2018-09-10 06:48:00.000000', 'c2f61fb98e2747ee8068536327731340', 'design');
insert into `t_api_permissions` ( `is_allow`, `create_time`, `api_id`, `group`) values ( '1', '2018-09-10 06:48:00.000000', '7c7293a59b154467b59fe87309fa72e2', 'design');
insert into `t_api_permissions` ( `is_allow`, `create_time`, `api_id`, `group`) values ( '1', '2018-09-10 06:48:00.000000', 'bcfb5ff72d8d403d858058f2444efca1', 'design');
insert into `t_api_permissions` ( `is_allow`, `create_time`, `api_id`, `group`) values ( '1', '2018-09-10 06:48:00.000000', 'e64a095d843041f3bc17eb6fa992032f', 'design');
insert into `t_api_permissions` ( `is_allow`, `create_time`, `api_id`, `group`) values ( '1', '2018-09-10 06:48:00.000000', 'e9e8f559390c46ff8f15ed870ee3594e', 'design');
insert into `t_api_permissions` ( `is_allow`, `create_time`, `api_id`, `group`) values ( '1', '2018-09-10 06:48:00.000000', '71037db9d038487593da113a6b1f65be', 'design');
insert into `t_api_permissions` ( `is_allow`, `create_time`, `api_id`, `group`) values ( '1', '2018-09-10 06:48:00.000000', 'd43210b4c9234f9a88e7a78beb24f36f', 'design');
insert into `t_api_permissions` ( `is_allow`, `create_time`, `api_id`, `group`) values ( '1', '2018-09-10 06:48:00.000000', '19a01e70033c411dabf2f734e15fa49d', 'design');
insert into `t_api_permissions` ( `is_allow`, `create_time`, `api_id`, `group`) values ( '1', '2018-09-10 06:48:00.000000', '6d27df660a414a3fb6d73156f0cb7d3d', 'design');
insert into `t_api_permissions` ( `is_allow`, `create_time`, `api_id`, `group`) values ( '1', '2018-09-10 06:48:00.000000', '0f61062a5aca4e7299a4fde489b9d83e', 'design');
insert into `t_api_permissions` ( `is_allow`, `create_time`, `api_id`, `group`) values ( '1', '2018-09-10 06:48:00.000000', '708e501b81e0428ea0f0427c4e97964a', 'design');
insert into `t_api_permissions` ( `is_allow`, `create_time`, `api_id`, `group`) values ( '1', '2018-09-10 06:48:00.000000', '9569acd658b04880a23a21febd3c29ce', 'design');
insert into `t_api_permissions` ( `is_allow`, `create_time`, `api_id`, `group`) values ( '1', '2018-09-10 06:48:00.000000', 'a1dece243b0142ff81f75c5b5d3f89f3', 'design');
insert into `t_api_permissions` ( `is_allow`, `create_time`, `api_id`, `group`) values ( '-1', '2018-09-10 06:48:00.000000', '8dd468711f41404fab71530951d2340c', 'design');
insert into `t_api_permissions` ( `is_allow`, `create_time`, `api_id`, `group`) values ( '1', '2018-09-10 06:48:00.000000', '994e168db4c74c588503a1174da999bc', 'design');
insert into `t_api_permissions` ( `is_allow`, `create_time`, `api_id`, `group`) values ( '1', '2018-09-10 06:48:00.000000', '72ab70daaf7b4f7d8a9335554ed01094', 'design');
insert into `t_api_permissions` ( `is_allow`, `create_time`, `api_id`, `group`) values ( '-1', '2018-09-10 06:48:00.000000', '782e404322e24caa9846b04207414bbb', 'design');
insert into `t_api_permissions` ( `is_allow`, `create_time`, `api_id`, `group`) values ( '1', '2018-09-10 06:48:00.000000', '9b3f96f30978401681edd38ea41d75bf', 'design');
insert into `t_api_permissions` ( `is_allow`, `create_time`, `api_id`, `group`) values ( '1', '2018-09-10 06:48:00.000000', 'bdf1edf832fe42ec93917473f9208250', 'design');
insert into `t_api_permissions` ( `is_allow`, `create_time`, `api_id`, `group`) values ( '1', '2018-09-10 06:48:00.000000', 'ec23739ecfe742b89e0854cf487b5c54', 'design');
insert into `t_api_permissions` ( `is_allow`, `create_time`, `api_id`, `group`) values ( '-1', '2018-09-10 06:48:00.000000', '30e7db997a2f4a3d85ce54ae5dc21e06', 'design');
insert into `t_api_permissions` ( `is_allow`, `create_time`, `api_id`, `group`) values ( '1', '2018-09-10 06:48:00.000000', 'f4fdd5cc44d049ccbcb86da50ffeca51', 'design');
insert into `t_api_permissions` ( `is_allow`, `create_time`, `api_id`, `group`) values ( '1', '2018-09-10 06:48:00.000000', '6cc1755a2ca1477c87a398d8dafaf1fc', 'design');
insert into `t_api_permissions` ( `is_allow`, `create_time`, `api_id`, `group`) values ( '1', '2018-09-10 06:48:00.000000', '863cf952242545f2bf5bcca5aa8a3515', 'design');
insert into `t_api_permissions` ( `is_allow`, `create_time`, `api_id`, `group`) values ( '1', '2018-09-10 06:48:00.000000', '0725da1a6ae74c1b90446584dd234e39', 'design');
insert into `t_api_permissions` ( `is_allow`, `create_time`, `api_id`, `group`) values ( '1', '2018-09-10 06:48:00.000000', 'e9eb50e0646f4198aa4cbefbdd01403f', 'design');
insert into `t_api_permissions` ( `is_allow`, `create_time`, `api_id`, `group`) values ( '1', '2018-09-10 06:48:00.000000', '68043153e40143dd97a9acbbc3f94ac5', 'design');
insert into `t_api_permissions` ( `is_allow`, `create_time`, `api_id`, `group`) values ( '1', '2018-09-10 06:48:00.000000', '9c4e5773b642454180ede04e7bd6f793', 'design');
insert into `t_api_permissions` ( `is_allow`, `create_time`, `api_id`, `group`) values ( '1', '2018-09-10 06:48:00.000000', '32e4fbba7762472484d0a66bbe64808d', 'design');
insert into `t_api_permissions` ( `is_allow`, `create_time`, `api_id`, `group`) values ( '1', '2018-09-10 06:48:00.000000', 'd86f172da2d44497aaa0474b791c4f6d', 'design');
insert into `t_api_permissions` ( `is_allow`, `create_time`, `api_id`, `group`) values ( '1', '2018-09-10 06:48:00.000000', 'f702d500989048b4801d0a538bb73027', 'design');
insert into `t_api_permissions` ( `is_allow`, `create_time`, `api_id`, `group`) values ( '1', '2018-09-10 06:48:00.000000', '6067b35290e9426e96c146dcb149c0ae', 'design');
insert into `t_api_permissions` ( `is_allow`, `create_time`, `api_id`, `group`) values ( '1', '2018-09-10 06:48:00.000000', '565c01742ab34ed18d037e791a586099', 'design');
insert into `t_api_permissions` ( `is_allow`, `create_time`, `api_id`, `group`) values ( '-1', '2018-09-10 06:48:00.000000', '04bdf9e393e3418b9f941a8a6d493065', 'design');
insert into `t_api_permissions` ( `is_allow`, `create_time`, `api_id`, `group`) values ( '1', '2018-09-10 06:48:00.000000', '6913ad4a9a1a401eaf2ef3ee26a4a465', 'pm');
insert into `t_api_permissions` ( `is_allow`, `create_time`, `api_id`, `group`) values ( '1', '2018-09-10 06:48:00.000000', 'ec4d17bae1584c2db469d38a0693ae09', 'pm');
insert into `t_api_permissions` ( `is_allow`, `create_time`, `api_id`, `group`) values ( '1', '2018-09-10 06:48:00.000000', '0c8ec92ab1964d1dba198e65eb61f23e', 'pm');
insert into `t_api_permissions` ( `is_allow`, `create_time`, `api_id`, `group`) values ( '1', '2018-09-10 06:48:00.000000', '0e14a50d3984432fb7b99ff7227b5795', 'pm');
insert into `t_api_permissions` ( `is_allow`, `create_time`, `api_id`, `group`) values ( '1', '2018-09-10 06:48:00.000000', '4d346aaedd75430aaa8be6390c6595f1', 'pm');
insert into `t_api_permissions` ( `is_allow`, `create_time`, `api_id`, `group`) values ( '1', '2018-09-10 06:48:00.000000', '5d9189aa7973426ebe1417d8ddcc122f', 'pm');
insert into `t_api_permissions` ( `is_allow`, `create_time`, `api_id`, `group`) values ( '1', '2018-09-10 06:48:00.000000', '7999649a6f794f2ea8b1b64ba0f52cfc', 'pm');
insert into `t_api_permissions` ( `is_allow`, `create_time`, `api_id`, `group`) values ( '1', '2018-09-10 06:48:00.000000', '6ece36af9b1848bf810ee108f0b1c55c', 'pm');
insert into `t_api_permissions` ( `is_allow`, `create_time`, `api_id`, `group`) values ( '1', '2018-09-10 06:48:00.000000', '15ed7c9856984c079c6ec1da800297b8', 'pm');
insert into `t_api_permissions` ( `is_allow`, `create_time`, `api_id`, `group`) values ( '-1', '2018-09-10 06:48:00.000000', '8f79ba2c30394f4fa6dc9f8b027724c3', 'pm');
insert into `t_api_permissions` ( `is_allow`, `create_time`, `api_id`, `group`) values ( '-1', '2018-09-10 06:48:00.000000', '54c452206228426096d41dff943ad90f', 'pm');
insert into `t_api_permissions` ( `is_allow`, `create_time`, `api_id`, `group`) values ( '-1', '2018-09-10 06:48:00.000000', '316cd908ddab4ac280bf7c0c299b78e5', 'pm');
insert into `t_api_permissions` ( `is_allow`, `create_time`, `api_id`, `group`) values ( '1', '2018-09-10 06:48:00.000000', '868db45b920a4bf28990bdf47cb28673', 'pm');
insert into `t_api_permissions` ( `is_allow`, `create_time`, `api_id`, `group`) values ( '1', '2018-09-10 06:48:00.000000', '9f08d915207b41adbe626a00774a9a61', 'pm');
insert into `t_api_permissions` ( `is_allow`, `create_time`, `api_id`, `group`) values ( '1', '2018-09-10 06:48:00.000000', '64e6b09e09374b079afdc0e1c44a5545', 'pm');
insert into `t_api_permissions` ( `is_allow`, `create_time`, `api_id`, `group`) values ( '-1', '2018-09-10 06:48:00.000000', '3ce348164a0f4e5d9dd77eee89942042', 'pm');
insert into `t_api_permissions` ( `is_allow`, `create_time`, `api_id`, `group`) values ( '1', '2018-09-10 06:48:00.000000', 'f8f590873fbd4808b82d4e8186b6f4cf', 'pm');
insert into `t_api_permissions` ( `is_allow`, `create_time`, `api_id`, `group`) values ( '-1', '2018-09-10 06:48:00.000000', '9ab3b78b43a94ea9ad42c063a24e7f53', 'pm');
insert into `t_api_permissions` ( `is_allow`, `create_time`, `api_id`, `group`) values ( '1', '2018-09-10 06:48:00.000000', '820b5a9cde714cd18ba0c3f2cb9fed3c', 'pm');
insert into `t_api_permissions` ( `is_allow`, `create_time`, `api_id`, `group`) values ( '1', '2018-09-10 06:48:00.000000', 'a7afbd5edb4845869687bc43aacb4a01', 'pm');
insert into `t_api_permissions` ( `is_allow`, `create_time`, `api_id`, `group`) values ( '-1', '2018-09-10 06:48:00.000000', 'e4e118f015b941e0ad039971d1d6658e', 'pm');
insert into `t_api_permissions` ( `is_allow`, `create_time`, `api_id`, `group`) values ( '1', '2018-09-10 06:48:00.000000', '2c8b2faf5934494cbed2692a71a57e96', 'pm');
insert into `t_api_permissions` ( `is_allow`, `create_time`, `api_id`, `group`) values ( '1', '2018-09-10 06:48:00.000000', 'b6ba4637ec5849618f78e7cc5c9d7a58', 'pm');
insert into `t_api_permissions` ( `is_allow`, `create_time`, `api_id`, `group`) values ( '-1', '2018-09-10 06:48:00.000000', '19f266cd29a14e0fa7d6c61ef5b41490', 'pm');
insert into `t_api_permissions` ( `is_allow`, `create_time`, `api_id`, `group`) values ( '1', '2018-09-10 06:48:00.000000', 'aa830da9b76d44d2a1305631704f254d', 'pm');
insert into `t_api_permissions` ( `is_allow`, `create_time`, `api_id`, `group`) values ( '1', '2018-09-10 06:48:00.000000', 'c7f6188a109543bfa3d953e2a00dacca', 'pm');
insert into `t_api_permissions` ( `is_allow`, `create_time`, `api_id`, `group`) values ( '-1', '2018-09-10 06:48:00.000000', '045210cf30a94f23951c7e68b9dcf5bb', 'pm');
insert into `t_api_permissions` ( `is_allow`, `create_time`, `api_id`, `group`) values ( '1', '2018-09-10 06:48:00.000000', '94374b45faf04df28755f039bd883d70', 'pm');
insert into `t_api_permissions` ( `is_allow`, `create_time`, `api_id`, `group`) values ( '1', '2018-09-10 06:48:00.000000', 'a14c6fdd1fd74cb6b9db2a25c6475941', 'pm');
insert into `t_api_permissions` ( `is_allow`, `create_time`, `api_id`, `group`) values ( '1', '2018-09-10 06:48:00.000000', 'c2f61fb98e2747ee8068536327731340', 'pm');
insert into `t_api_permissions` ( `is_allow`, `create_time`, `api_id`, `group`) values ( '1', '2018-09-10 06:48:00.000000', '7c7293a59b154467b59fe87309fa72e2', 'pm');
insert into `t_api_permissions` ( `is_allow`, `create_time`, `api_id`, `group`) values ( '1', '2018-09-10 06:48:00.000000', 'bcfb5ff72d8d403d858058f2444efca1', 'pm');
insert into `t_api_permissions` ( `is_allow`, `create_time`, `api_id`, `group`) values ( '1', '2018-09-10 06:48:00.000000', 'e64a095d843041f3bc17eb6fa992032f', 'pm');
insert into `t_api_permissions` ( `is_allow`, `create_time`, `api_id`, `group`) values ( '1', '2018-09-10 06:48:00.000000', 'e9e8f559390c46ff8f15ed870ee3594e', 'pm');
insert into `t_api_permissions` ( `is_allow`, `create_time`, `api_id`, `group`) values ( '1', '2018-09-10 06:48:00.000000', '71037db9d038487593da113a6b1f65be', 'pm');
insert into `t_api_permissions` ( `is_allow`, `create_time`, `api_id`, `group`) values ( '1', '2018-09-10 06:48:00.000000', 'd43210b4c9234f9a88e7a78beb24f36f', 'pm');
insert into `t_api_permissions` ( `is_allow`, `create_time`, `api_id`, `group`) values ( '1', '2018-09-10 06:48:00.000000', '19a01e70033c411dabf2f734e15fa49d', 'pm');
insert into `t_api_permissions` ( `is_allow`, `create_time`, `api_id`, `group`) values ( '1', '2018-09-10 06:48:00.000000', '6d27df660a414a3fb6d73156f0cb7d3d', 'pm');
insert into `t_api_permissions` ( `is_allow`, `create_time`, `api_id`, `group`) values ( '1', '2018-09-10 06:48:00.000000', '0f61062a5aca4e7299a4fde489b9d83e', 'pm');
insert into `t_api_permissions` ( `is_allow`, `create_time`, `api_id`, `group`) values ( '1', '2018-09-10 06:48:00.000000', '708e501b81e0428ea0f0427c4e97964a', 'pm');
insert into `t_api_permissions` ( `is_allow`, `create_time`, `api_id`, `group`) values ( '1', '2018-09-10 06:48:00.000000', '9569acd658b04880a23a21febd3c29ce', 'pm');
insert into `t_api_permissions` ( `is_allow`, `create_time`, `api_id`, `group`) values ( '1', '2018-09-10 06:48:00.000000', 'a1dece243b0142ff81f75c5b5d3f89f3', 'pm');
insert into `t_api_permissions` ( `is_allow`, `create_time`, `api_id`, `group`) values ( '-1', '2018-09-10 06:48:00.000000', '8dd468711f41404fab71530951d2340c', 'pm');
insert into `t_api_permissions` ( `is_allow`, `create_time`, `api_id`, `group`) values ( '1', '2018-09-10 06:48:00.000000', '994e168db4c74c588503a1174da999bc', 'pm');
insert into `t_api_permissions` ( `is_allow`, `create_time`, `api_id`, `group`) values ( '1', '2018-09-10 06:48:00.000000', '72ab70daaf7b4f7d8a9335554ed01094', 'pm');
insert into `t_api_permissions` ( `is_allow`, `create_time`, `api_id`, `group`) values ( '-1', '2018-09-10 06:48:00.000000', '782e404322e24caa9846b04207414bbb', 'pm');
insert into `t_api_permissions` ( `is_allow`, `create_time`, `api_id`, `group`) values ( '1', '2018-09-10 06:48:00.000000', '9b3f96f30978401681edd38ea41d75bf', 'pm');
insert into `t_api_permissions` ( `is_allow`, `create_time`, `api_id`, `group`) values ( '1', '2018-09-10 06:48:00.000000', 'bdf1edf832fe42ec93917473f9208250', 'pm');
insert into `t_api_permissions` ( `is_allow`, `create_time`, `api_id`, `group`) values ( '1', '2018-09-10 06:48:00.000000', 'ec23739ecfe742b89e0854cf487b5c54', 'pm');
insert into `t_api_permissions` ( `is_allow`, `create_time`, `api_id`, `group`) values ( '-1', '2018-09-10 06:48:00.000000', '30e7db997a2f4a3d85ce54ae5dc21e06', 'pm');
insert into `t_api_permissions` ( `is_allow`, `create_time`, `api_id`, `group`) values ( '1', '2018-09-10 06:48:00.000000', 'f4fdd5cc44d049ccbcb86da50ffeca51', 'pm');
insert into `t_api_permissions` ( `is_allow`, `create_time`, `api_id`, `group`) values ( '1', '2018-09-10 06:48:00.000000', '6cc1755a2ca1477c87a398d8dafaf1fc', 'pm');
insert into `t_api_permissions` ( `is_allow`, `create_time`, `api_id`, `group`) values ( '1', '2018-09-10 06:48:00.000000', '863cf952242545f2bf5bcca5aa8a3515', 'pm');
insert into `t_api_permissions` ( `is_allow`, `create_time`, `api_id`, `group`) values ( '1', '2018-09-10 06:48:00.000000', '0725da1a6ae74c1b90446584dd234e39', 'pm');
insert into `t_api_permissions` ( `is_allow`, `create_time`, `api_id`, `group`) values ( '1', '2018-09-10 06:48:00.000000', 'e9eb50e0646f4198aa4cbefbdd01403f', 'pm');
insert into `t_api_permissions` ( `is_allow`, `create_time`, `api_id`, `group`) values ( '1', '2018-09-10 06:48:00.000000', '68043153e40143dd97a9acbbc3f94ac5', 'pm');
insert into `t_api_permissions` ( `is_allow`, `create_time`, `api_id`, `group`) values ( '1', '2018-09-10 06:48:00.000000', '9c4e5773b642454180ede04e7bd6f793', 'pm');
insert into `t_api_permissions` ( `is_allow`, `create_time`, `api_id`, `group`) values ( '1', '2018-09-10 06:48:00.000000', '32e4fbba7762472484d0a66bbe64808d', 'pm');
insert into `t_api_permissions` ( `is_allow`, `create_time`, `api_id`, `group`) values ( '1', '2018-09-10 06:48:00.000000', 'd86f172da2d44497aaa0474b791c4f6d', 'pm');
insert into `t_api_permissions` ( `is_allow`, `create_time`, `api_id`, `group`) values ( '1', '2018-09-10 06:48:00.000000', 'f702d500989048b4801d0a538bb73027', 'pm');
insert into `t_api_permissions` ( `is_allow`, `create_time`, `api_id`, `group`) values ( '1', '2018-09-10 06:48:00.000000', '6067b35290e9426e96c146dcb149c0ae', 'pm');
insert into `t_api_permissions` ( `is_allow`, `create_time`, `api_id`, `group`) values ( '1', '2018-09-10 06:48:00.000000', '565c01742ab34ed18d037e791a586099', 'pm');
insert into `t_api_permissions` ( `is_allow`, `create_time`, `api_id`, `group`) values ( '-1', '2018-09-10 06:48:00.000000', '04bdf9e393e3418b9f941a8a6d493065', 'pm');
insert into `t_api_permissions` ( `is_allow`, `create_time`, `api_id`, `group`) values ( '1', '2018-09-10 06:48:00.000000', '6913ad4a9a1a401eaf2ef3ee26a4a465', 'manager');
insert into `t_api_permissions` ( `is_allow`, `create_time`, `api_id`, `group`) values ( '1', '2018-09-10 06:48:00.000000', 'ec4d17bae1584c2db469d38a0693ae09', 'manager');
insert into `t_api_permissions` ( `is_allow`, `create_time`, `api_id`, `group`) values ( '1', '2018-09-10 06:48:00.000000', '0c8ec92ab1964d1dba198e65eb61f23e', 'manager');
insert into `t_api_permissions` ( `is_allow`, `create_time`, `api_id`, `group`) values ( '1', '2018-09-10 06:48:00.000000', '0e14a50d3984432fb7b99ff7227b5795', 'manager');
insert into `t_api_permissions` ( `is_allow`, `create_time`, `api_id`, `group`) values ( '1', '2018-09-10 06:48:00.000000', '4d346aaedd75430aaa8be6390c6595f1', 'manager');
insert into `t_api_permissions` ( `is_allow`, `create_time`, `api_id`, `group`) values ( '1', '2018-09-10 06:48:00.000000', '5d9189aa7973426ebe1417d8ddcc122f', 'manager');
insert into `t_api_permissions` ( `is_allow`, `create_time`, `api_id`, `group`) values ( '1', '2018-09-10 06:48:00.000000', '7999649a6f794f2ea8b1b64ba0f52cfc', 'manager');
insert into `t_api_permissions` ( `is_allow`, `create_time`, `api_id`, `group`) values ( '1', '2018-09-10 06:48:00.000000', '6ece36af9b1848bf810ee108f0b1c55c', 'manager');
insert into `t_api_permissions` ( `is_allow`, `create_time`, `api_id`, `group`) values ( '1', '2018-09-10 06:48:00.000000', '15ed7c9856984c079c6ec1da800297b8', 'manager');
insert into `t_api_permissions` ( `is_allow`, `create_time`, `api_id`, `group`) values ( '1', '2018-09-10 06:48:00.000000', '8f79ba2c30394f4fa6dc9f8b027724c3', 'manager');
insert into `t_api_permissions` ( `is_allow`, `create_time`, `api_id`, `group`) values ( '1', '2018-09-10 06:48:00.000000', '54c452206228426096d41dff943ad90f', 'manager');
insert into `t_api_permissions` ( `is_allow`, `create_time`, `api_id`, `group`) values ( '1', '2018-09-10 06:48:00.000000', '316cd908ddab4ac280bf7c0c299b78e5', 'manager');
insert into `t_api_permissions` ( `is_allow`, `create_time`, `api_id`, `group`) values ( '1', '2018-09-10 06:48:00.000000', '868db45b920a4bf28990bdf47cb28673', 'manager');
insert into `t_api_permissions` ( `is_allow`, `create_time`, `api_id`, `group`) values ( '1', '2018-09-10 06:48:00.000000', '9f08d915207b41adbe626a00774a9a61', 'manager');
insert into `t_api_permissions` ( `is_allow`, `create_time`, `api_id`, `group`) values ( '1', '2018-09-10 06:48:00.000000', '64e6b09e09374b079afdc0e1c44a5545', 'manager');
insert into `t_api_permissions` ( `is_allow`, `create_time`, `api_id`, `group`) values ( '1', '2018-09-10 06:48:00.000000', '3ce348164a0f4e5d9dd77eee89942042', 'manager');
insert into `t_api_permissions` ( `is_allow`, `create_time`, `api_id`, `group`) values ( '1', '2018-09-10 06:48:00.000000', 'f8f590873fbd4808b82d4e8186b6f4cf', 'manager');
insert into `t_api_permissions` ( `is_allow`, `create_time`, `api_id`, `group`) values ( '1', '2018-09-10 06:48:00.000000', '9ab3b78b43a94ea9ad42c063a24e7f53', 'manager');
insert into `t_api_permissions` ( `is_allow`, `create_time`, `api_id`, `group`) values ( '1', '2018-09-10 06:48:00.000000', '820b5a9cde714cd18ba0c3f2cb9fed3c', 'manager');
insert into `t_api_permissions` ( `is_allow`, `create_time`, `api_id`, `group`) values ( '1', '2018-09-10 06:48:00.000000', 'a7afbd5edb4845869687bc43aacb4a01', 'manager');
insert into `t_api_permissions` ( `is_allow`, `create_time`, `api_id`, `group`) values ( '1', '2018-09-10 06:48:00.000000', 'e4e118f015b941e0ad039971d1d6658e', 'manager');
insert into `t_api_permissions` ( `is_allow`, `create_time`, `api_id`, `group`) values ( '1', '2018-09-10 06:48:00.000000', '2c8b2faf5934494cbed2692a71a57e96', 'manager');
insert into `t_api_permissions` ( `is_allow`, `create_time`, `api_id`, `group`) values ( '1', '2018-09-10 06:48:00.000000', 'b6ba4637ec5849618f78e7cc5c9d7a58', 'manager');
insert into `t_api_permissions` ( `is_allow`, `create_time`, `api_id`, `group`) values ( '-1', '2018-09-10 06:48:00.000000', '19f266cd29a14e0fa7d6c61ef5b41490', 'manager');
insert into `t_api_permissions` ( `is_allow`, `create_time`, `api_id`, `group`) values ( '1', '2018-09-10 06:48:00.000000', 'aa830da9b76d44d2a1305631704f254d', 'manager');
insert into `t_api_permissions` ( `is_allow`, `create_time`, `api_id`, `group`) values ( '1', '2018-09-10 06:48:00.000000', 'c7f6188a109543bfa3d953e2a00dacca', 'manager');
insert into `t_api_permissions` ( `is_allow`, `create_time`, `api_id`, `group`) values ( '1', '2018-09-10 06:48:00.000000', '045210cf30a94f23951c7e68b9dcf5bb', 'manager');
insert into `t_api_permissions` ( `is_allow`, `create_time`, `api_id`, `group`) values ( '1', '2018-09-10 06:48:00.000000', '94374b45faf04df28755f039bd883d70', 'manager');
insert into `t_api_permissions` ( `is_allow`, `create_time`, `api_id`, `group`) values ( '1', '2018-09-10 06:48:00.000000', 'a14c6fdd1fd74cb6b9db2a25c6475941', 'manager');
insert into `t_api_permissions` ( `is_allow`, `create_time`, `api_id`, `group`) values ( '1', '2018-09-10 06:48:00.000000', 'c2f61fb98e2747ee8068536327731340', 'manager');
insert into `t_api_permissions` ( `is_allow`, `create_time`, `api_id`, `group`) values ( '1', '2018-09-10 06:48:00.000000', '7c7293a59b154467b59fe87309fa72e2', 'manager');
insert into `t_api_permissions` ( `is_allow`, `create_time`, `api_id`, `group`) values ( '1', '2018-09-10 06:48:00.000000', 'bcfb5ff72d8d403d858058f2444efca1', 'manager');
insert into `t_api_permissions` ( `is_allow`, `create_time`, `api_id`, `group`) values ( '1', '2018-09-10 06:48:00.000000', 'e64a095d843041f3bc17eb6fa992032f', 'manager');
insert into `t_api_permissions` ( `is_allow`, `create_time`, `api_id`, `group`) values ( '1', '2018-09-10 06:48:00.000000', 'e9e8f559390c46ff8f15ed870ee3594e', 'manager');
insert into `t_api_permissions` ( `is_allow`, `create_time`, `api_id`, `group`) values ( '1', '2018-09-10 06:48:00.000000', '71037db9d038487593da113a6b1f65be', 'manager');
insert into `t_api_permissions` ( `is_allow`, `create_time`, `api_id`, `group`) values ( '1', '2018-09-10 06:48:00.000000', 'd43210b4c9234f9a88e7a78beb24f36f', 'manager');
insert into `t_api_permissions` ( `is_allow`, `create_time`, `api_id`, `group`) values ( '1', '2018-09-10 06:48:00.000000', '19a01e70033c411dabf2f734e15fa49d', 'manager');
insert into `t_api_permissions` ( `is_allow`, `create_time`, `api_id`, `group`) values ( '1', '2018-09-10 06:48:00.000000', '6d27df660a414a3fb6d73156f0cb7d3d', 'manager');
insert into `t_api_permissions` ( `is_allow`, `create_time`, `api_id`, `group`) values ( '1', '2018-09-10 06:48:00.000000', '0f61062a5aca4e7299a4fde489b9d83e', 'manager');
insert into `t_api_permissions` ( `is_allow`, `create_time`, `api_id`, `group`) values ( '1', '2018-09-10 06:48:00.000000', '708e501b81e0428ea0f0427c4e97964a', 'manager');
insert into `t_api_permissions` ( `is_allow`, `create_time`, `api_id`, `group`) values ( '1', '2018-09-10 06:48:00.000000', '9569acd658b04880a23a21febd3c29ce', 'manager');
insert into `t_api_permissions` ( `is_allow`, `create_time`, `api_id`, `group`) values ( '1', '2018-09-10 06:48:00.000000', 'a1dece243b0142ff81f75c5b5d3f89f3', 'manager');
insert into `t_api_permissions` ( `is_allow`, `create_time`, `api_id`, `group`) values ( '1', '2018-09-10 06:48:00.000000', '8dd468711f41404fab71530951d2340c', 'manager');
insert into `t_api_permissions` ( `is_allow`, `create_time`, `api_id`, `group`) values ( '1', '2018-09-10 06:48:00.000000', '994e168db4c74c588503a1174da999bc', 'manager');
insert into `t_api_permissions` ( `is_allow`, `create_time`, `api_id`, `group`) values ( '1', '2018-09-10 06:48:00.000000', '72ab70daaf7b4f7d8a9335554ed01094', 'manager');
insert into `t_api_permissions` ( `is_allow`, `create_time`, `api_id`, `group`) values ( '1', '2018-09-10 06:48:00.000000', '782e404322e24caa9846b04207414bbb', 'manager');
insert into `t_api_permissions` ( `is_allow`, `create_time`, `api_id`, `group`) values ( '1', '2018-09-10 06:48:00.000000', '9b3f96f30978401681edd38ea41d75bf', 'manager');
insert into `t_api_permissions` ( `is_allow`, `create_time`, `api_id`, `group`) values ( '1', '2018-09-10 06:48:00.000000', 'bdf1edf832fe42ec93917473f9208250', 'manager');
insert into `t_api_permissions` ( `is_allow`, `create_time`, `api_id`, `group`) values ( '1', '2018-09-10 06:48:00.000000', 'ec23739ecfe742b89e0854cf487b5c54', 'manager');
insert into `t_api_permissions` ( `is_allow`, `create_time`, `api_id`, `group`) values ( '1', '2018-09-10 06:48:00.000000', '30e7db997a2f4a3d85ce54ae5dc21e06', 'manager');
insert into `t_api_permissions` ( `is_allow`, `create_time`, `api_id`, `group`) values ( '1', '2018-09-10 06:48:00.000000', 'f4fdd5cc44d049ccbcb86da50ffeca51', 'manager');
insert into `t_api_permissions` ( `is_allow`, `create_time`, `api_id`, `group`) values ( '1', '2018-09-10 06:48:00.000000', '6cc1755a2ca1477c87a398d8dafaf1fc', 'manager');
insert into `t_api_permissions` ( `is_allow`, `create_time`, `api_id`, `group`) values ( '1', '2018-09-10 06:48:00.000000', '863cf952242545f2bf5bcca5aa8a3515', 'manager');
insert into `t_api_permissions` ( `is_allow`, `create_time`, `api_id`, `group`) values ( '1', '2018-09-10 06:48:00.000000', '0725da1a6ae74c1b90446584dd234e39', 'manager');
insert into `t_api_permissions` ( `is_allow`, `create_time`, `api_id`, `group`) values ( '1', '2018-09-10 06:48:00.000000', 'e9eb50e0646f4198aa4cbefbdd01403f', 'manager');
insert into `t_api_permissions` ( `is_allow`, `create_time`, `api_id`, `group`) values ( '1', '2018-09-10 06:48:00.000000', '68043153e40143dd97a9acbbc3f94ac5', 'manager');
insert into `t_api_permissions` ( `is_allow`, `create_time`, `api_id`, `group`) values ( '1', '2018-09-10 06:48:00.000000', '9c4e5773b642454180ede04e7bd6f793', 'manager');
insert into `t_api_permissions` ( `is_allow`, `create_time`, `api_id`, `group`) values ( '1', '2018-09-10 06:48:00.000000', '32e4fbba7762472484d0a66bbe64808d', 'manager');
insert into `t_api_permissions` ( `is_allow`, `create_time`, `api_id`, `group`) values ( '1', '2018-09-10 06:48:00.000000', 'd86f172da2d44497aaa0474b791c4f6d', 'manager');
insert into `t_api_permissions` ( `is_allow`, `create_time`, `api_id`, `group`) values ( '1', '2018-09-10 06:48:00.000000', 'f702d500989048b4801d0a538bb73027', 'manager');
insert into `t_api_permissions` ( `is_allow`, `create_time`, `api_id`, `group`) values ( '1', '2018-09-10 06:48:00.000000', '6067b35290e9426e96c146dcb149c0ae', 'manager');
insert into `t_api_permissions` ( `is_allow`, `create_time`, `api_id`, `group`) values ( '1', '2018-09-10 06:48:00.000000', '565c01742ab34ed18d037e791a586099', 'manager');
insert into `t_api_permissions` ( `is_allow`, `create_time`, `api_id`, `group`) values ( '1', '2018-09-10 06:48:00.000000', '04bdf9e393e3418b9f941a8a6d493065', 'manager');
insert into `t_api_permissions` ( `is_allow`, `create_time`, `api_id`, `group`) values ( '1', '2018-10-22 07:43:39.472258', '27b600b5bdc34bc48a3c1bebd6ef830a', 'test');
insert into `t_api_permissions` ( `is_allow`, `create_time`, `api_id`, `group`) values ( '1', '2018-10-22 07:43:44.232894', '27b600b5bdc34bc48a3c1bebd6ef830a', 'developer');
insert into `t_api_permissions` ( `is_allow`, `create_time`, `api_id`, `group`) values ( '1', '2018-10-22 07:43:47.737383', '27b600b5bdc34bc48a3c1bebd6ef830a', 'pm');
insert into `t_api_permissions` ( `is_allow`, `create_time`, `api_id`, `group`) values ( '1', '2018-10-22 07:43:50.956803', '27b600b5bdc34bc48a3c1bebd6ef830a', 'design');
insert into `t_api_permissions` ( `is_allow`, `create_time`, `api_id`, `group`) values ( '1', '2018-10-22 07:43:54.246047', '27b600b5bdc34bc48a3c1bebd6ef830a', 'manager');

# page
insert into `t_pages` ( `id`, `page_name`, `page_url`, `flag`, `create_time`) values ( '0a3a0c4311134eb198dff5933ac2b2dd', '测试用例（列表）', '/app/qa/testcase', '测试用例', '2018-10-15 14:10:26.000000');
insert into `t_pages` ( `id`, `page_name`, `page_url`, `flag`, `create_time`) values ( '1452b489e06d4c5386724ba321312b47', '缺陷（详情）', '/app/qa/bug/deatils', '缺陷', '2018-10-15 14:10:26.000000');
insert into `t_pages` ( `id`, `page_name`, `page_url`, `flag`, `create_time`) values ( '1b3953f13759455b964347b170779944', '缺陷（统计）', '/app/qa/bug/count', '缺陷', '2018-10-15 14:10:26.000000');
insert into `t_pages` ( `id`, `page_name`, `page_url`, `flag`, `create_time`) values ( '2a16016b00fa4c39a80ae4140a92d5f0', 'Dashboard', '/app/dashboard', '首页', '2018-10-15 14:10:26.000000');
insert into `t_pages` ( `id`, `page_name`, `page_url`, `flag`, `create_time`) values ( '33eeef208a444ef18b528b5f5890b8b9', '缺陷（增加）', '/app/qa/bug/add', '缺陷', '2018-10-15 14:10:26.000000');
insert into `t_pages` ( `id`, `page_name`, `page_url`, `flag`, `create_time`) values ( '3c9370c5351d4711bd23937dc288639b', '系统设置（权限）', '/app/system/permissions', '系统设置', '2018-10-15 14:10:26.000000');
insert into `t_pages` ( `id`, `page_name`, `page_url`, `flag`, `create_time`) values ( '45993fc8a6b947be9c5cdf719089db13', '系统设置（缺陷）', '/app/system/bug', '系统设置', '2018-10-15 14:10:26.000000');
insert into `t_pages` ( `id`, `page_name`, `page_url`, `flag`, `create_time`) values ( '52f23beb1faf40b5bf8eda4d57fb07c4', '缺陷（编辑）', '/app/qa/bug/edit', '缺陷', '2018-10-15 14:10:26.000000');
insert into `t_pages` ( `id`, `page_name`, `page_url`, `flag`, `create_time`) values ( '606040ce942048748c6c9ae47c64927d', '系统设置', '/app/system', '系统设置', '2018-10-15 14:10:26.000000');
insert into `t_pages` ( `id`, `page_name`, `page_url`, `flag`, `create_time`) values ( '6779c9a09b004018b95273e5b71e2ce7', '产品（列表）', '/app/products', '产品管理', '2018-10-15 14:10:26.000000');
insert into `t_pages` ( `id`, `page_name`, `page_url`, `flag`, `create_time`) values ( '6addbb93a2974551ac6f39afb2cffe52', '缺陷（列表）', '/app/qa/bug', '缺陷', '2018-10-15 14:10:26.000000');
insert into `t_pages` ( `id`, `page_name`, `page_url`, `flag`, `create_time`) values ( '6feeacc00d644a0ba1df38d461d0dfbd', '测试用例执行', '/app/qa/testsuite/loader', '测试用例', '2018-10-15 14:10:26.000000');
insert into `t_pages` ( `id`, `page_name`, `page_url`, `flag`, `create_time`) values ( '846bbc4cfbe24de0b36cdf59bcfd635a', 'testsuite', '/app/qa/testsuite', '测试用例', '2018-10-15 14:10:26.000000');
insert into `t_pages` ( `id`, `page_name`, `page_url`, `flag`, `create_time`) values ( '85602f019cdb49fda5ce5d61e8ced662', '产品版本', '/app/products/release', '产品管理', '2018-10-15 14:10:26.000000');
insert into `t_pages` ( `id`, `page_name`, `page_url`, `flag`, `create_time`) values ( '88fe84b661bd40c0b37ffcdf580861e4', '测试用例（详情）', '/app/qa/testcase/deatils', '测试用例', '2018-10-15 14:10:26.000000');
insert into `t_pages` ( `id`, `page_name`, `page_url`, `flag`, `create_time`) values ( '9b3ca9dfb15f4b7fa6aa6b3f1e8619f1', '缺陷（报告详情）', '/app/qa/bug/report_details', '缺陷', '2018-10-15 14:10:26.000000');
insert into `t_pages` ( `id`, `page_name`, `page_url`, `flag`, `create_time`) values ( 'a7dfefb886bb4c3bbf6b250c2bed1ecf', '缺陷（生成报告）', '/app/qa/bug/report', '缺陷', '2018-10-15 14:10:26.000000');
insert into `t_pages` ( `id`, `page_name`, `page_url`, `flag`, `create_time`) values ( 'b3be361d61614184bc87d2b273a03b96', 'API', '/app/auto/api', '系统设置', '2018-10-15 14:10:26.000000');
insert into `t_pages` ( `id`, `page_name`, `page_url`, `flag`, `create_time`) values ( 'b911770ecf2f49ce8493910653cf7422', '产品（模块）', '/app/products/modules', '产品管理', '2018-10-15 14:10:26.000000');
insert into `t_pages` ( `id`, `page_name`, `page_url`, `flag`, `create_time`) values ( 'beced0b00904435d932ea2671d050dc3', '测试用例（编辑）', '/app/qa/testcase/edit', '测试用例', '2018-10-15 14:10:26.000000');
insert into `t_pages` ( `id`, `page_name`, `page_url`, `flag`, `create_time`) values ( 'c064bce1da0f48729523c7ebedcd8f13', '用户管理（用户列表）', '/app/user-management/user', '用户管理', '2018-10-15 14:10:26.000000');
insert into `t_pages` ( `id`, `page_name`, `page_url`, `flag`, `create_time`) values ( 'c880ec50a8bc480e9803a03dcfbed80d', '用户管理（创建用户）', '/app/user-management/user/adduser', '用户管理', '2018-10-15 14:10:26.000000');
insert into `t_pages` ( `id`, `page_name`, `page_url`, `flag`, `create_time`) values ( 'e15c910a5428419a960e23b170712bab', '测试用例（运行）', '/app/qa/testsuite/run', '测试用例', '2018-10-15 14:10:26.000000');
insert into `t_pages` ( `id`, `page_name`, `page_url`, `flag`, `create_time`) values ( 'e1ffdf5b1e48411ea914878617a0d1b4', '产品（人员）', '/app/products/members', '产品管理', '2018-10-15 14:10:26.000000');
insert into `t_pages` ( `id`, `page_name`, `page_url`, `flag`, `create_time`) values ( 'ebf8d4aeb37a476aa2d351457d34fee6', '测试用例（创建）', '/app/qa/testcase/add', '测试用例', '2018-10-15 14:10:26.000000');
insert into `t_pages` ( `id`, `page_name`, `page_url`, `flag`, `create_time`) values ( 'f536711bc69b404285261f710f36a13b', '设置密码', '/app/set/passwd', '用户设置', '2018-10-15 14:10:26.000000');

# page 权限
insert into `t_pages_permissions` ( `is_allow`, `create_time`, `group`, `page_id`) values ( '1', '2018-10-20 22:05:07.630835', 'test', '0a3a0c4311134eb198dff5933ac2b2dd');
insert into `t_pages_permissions` ( `is_allow`, `create_time`, `group`, `page_id`) values ( '1', '2018-10-20 22:05:34.480644', 'test', '6feeacc00d644a0ba1df38d461d0dfbd');
insert into `t_pages_permissions` ( `is_allow`, `create_time`, `group`, `page_id`) values ( '1', '2018-10-20 22:05:35.214975', 'test', '846bbc4cfbe24de0b36cdf59bcfd635a');
insert into `t_pages_permissions` ( `is_allow`, `create_time`, `group`, `page_id`) values ( '1', '2018-10-20 22:05:35.890295', 'test', '88fe84b661bd40c0b37ffcdf580861e4');
insert into `t_pages_permissions` ( `is_allow`, `create_time`, `group`, `page_id`) values ( '1', '2018-10-20 22:05:36.549002', 'test', 'beced0b00904435d932ea2671d050dc3');
insert into `t_pages_permissions` ( `is_allow`, `create_time`, `group`, `page_id`) values ( '1', '2018-10-20 22:05:37.317528', 'test', 'e15c910a5428419a960e23b170712bab');
insert into `t_pages_permissions` ( `is_allow`, `create_time`, `group`, `page_id`) values ( '1', '2018-10-20 22:05:37.935269', 'test', 'ebf8d4aeb37a476aa2d351457d34fee6');
insert into `t_pages_permissions` ( `is_allow`, `create_time`, `group`, `page_id`) values ( '1', '2018-10-20 22:05:39.423720', 'test', '1452b489e06d4c5386724ba321312b47');
insert into `t_pages_permissions` ( `is_allow`, `create_time`, `group`, `page_id`) values ( '1', '2018-10-20 22:05:40.012667', 'test', '1b3953f13759455b964347b170779944');
insert into `t_pages_permissions` ( `is_allow`, `create_time`, `group`, `page_id`) values ( '1', '2018-10-20 22:05:40.785948', 'test', '33eeef208a444ef18b528b5f5890b8b9');
insert into `t_pages_permissions` ( `is_allow`, `create_time`, `group`, `page_id`) values ( '1', '2018-10-20 22:05:41.403420', 'test', '52f23beb1faf40b5bf8eda4d57fb07c4');
insert into `t_pages_permissions` ( `is_allow`, `create_time`, `group`, `page_id`) values ( '1', '2018-10-20 22:05:42.078644', 'test', '6addbb93a2974551ac6f39afb2cffe52');
insert into `t_pages_permissions` ( `is_allow`, `create_time`, `group`, `page_id`) values ( '1', '2018-10-20 22:05:42.772667', 'test', '9b3ca9dfb15f4b7fa6aa6b3f1e8619f1');
insert into `t_pages_permissions` ( `is_allow`, `create_time`, `group`, `page_id`) values ( '1', '2018-10-20 22:05:43.475107', 'test', 'a7dfefb886bb4c3bbf6b250c2bed1ecf');
insert into `t_pages_permissions` ( `is_allow`, `create_time`, `group`, `page_id`) values ( '1', '2018-10-20 22:05:44.738989', 'test', '2a16016b00fa4c39a80ae4140a92d5f0');
insert into `t_pages_permissions` ( `is_allow`, `create_time`, `group`, `page_id`) values ( '-1', '2018-10-20 22:05:46.120163', 'test', '3c9370c5351d4711bd23937dc288639b');
insert into `t_pages_permissions` ( `is_allow`, `create_time`, `group`, `page_id`) values ( '-1', '2018-10-20 22:05:46.943933', 'test', '45993fc8a6b947be9c5cdf719089db13');
insert into `t_pages_permissions` ( `is_allow`, `create_time`, `group`, `page_id`) values ( '-1', '2018-10-20 22:05:47.633986', 'test', '606040ce942048748c6c9ae47c64927d');
insert into `t_pages_permissions` ( `is_allow`, `create_time`, `group`, `page_id`) values ( '-1', '2018-10-20 22:05:48.255765', 'test', 'b3be361d61614184bc87d2b273a03b96');
insert into `t_pages_permissions` ( `is_allow`, `create_time`, `group`, `page_id`) values ( '-1', '2018-10-20 22:05:49.499146', 'test', '6779c9a09b004018b95273e5b71e2ce7');
insert into `t_pages_permissions` ( `is_allow`, `create_time`, `group`, `page_id`) values ( '-1', '2018-10-20 22:05:50.068582', 'test', '85602f019cdb49fda5ce5d61e8ced662');
insert into `t_pages_permissions` ( `is_allow`, `create_time`, `group`, `page_id`) values ( '-1', '2018-10-20 22:05:50.683537', 'test', 'b911770ecf2f49ce8493910653cf7422');
insert into `t_pages_permissions` ( `is_allow`, `create_time`, `group`, `page_id`) values ( '-1', '2018-10-20 22:05:51.442302', 'test', 'e1ffdf5b1e48411ea914878617a0d1b4');
insert into `t_pages_permissions` ( `is_allow`, `create_time`, `group`, `page_id`) values ( '-1', '2018-10-20 22:05:52.676685', 'test', 'c064bce1da0f48729523c7ebedcd8f13');
insert into `t_pages_permissions` ( `is_allow`, `create_time`, `group`, `page_id`) values ( '-1', '2018-10-20 22:05:53.320833', 'test', 'c880ec50a8bc480e9803a03dcfbed80d');
insert into `t_pages_permissions` ( `is_allow`, `create_time`, `group`, `page_id`) values ( '1', '2018-10-20 22:06:11.767455', 'developer', '0a3a0c4311134eb198dff5933ac2b2dd');
insert into `t_pages_permissions` ( `is_allow`, `create_time`, `group`, `page_id`) values ( '1', '2018-10-20 22:06:12.488268', 'developer', '6feeacc00d644a0ba1df38d461d0dfbd');
insert into `t_pages_permissions` ( `is_allow`, `create_time`, `group`, `page_id`) values ( '1', '2018-10-20 22:06:14.223104', 'developer', '846bbc4cfbe24de0b36cdf59bcfd635a');
insert into `t_pages_permissions` ( `is_allow`, `create_time`, `group`, `page_id`) values ( '1', '2018-10-20 22:06:14.911681', 'developer', '88fe84b661bd40c0b37ffcdf580861e4');
insert into `t_pages_permissions` ( `is_allow`, `create_time`, `group`, `page_id`) values ( '1', '2018-10-20 22:06:15.661059', 'developer', 'beced0b00904435d932ea2671d050dc3');
insert into `t_pages_permissions` ( `is_allow`, `create_time`, `group`, `page_id`) values ( '1', '2018-10-20 22:06:16.593536', 'developer', 'e15c910a5428419a960e23b170712bab');
insert into `t_pages_permissions` ( `is_allow`, `create_time`, `group`, `page_id`) values ( '1', '2018-10-20 22:06:17.385582', 'developer', 'ebf8d4aeb37a476aa2d351457d34fee6');
insert into `t_pages_permissions` ( `is_allow`, `create_time`, `group`, `page_id`) values ( '1', '2018-10-20 22:06:18.674061', 'developer', '1452b489e06d4c5386724ba321312b47');
insert into `t_pages_permissions` ( `is_allow`, `create_time`, `group`, `page_id`) values ( '1', '2018-10-20 22:06:19.317345', 'developer', '1b3953f13759455b964347b170779944');
insert into `t_pages_permissions` ( `is_allow`, `create_time`, `group`, `page_id`) values ( '1', '2018-10-20 22:06:19.991645', 'developer', '33eeef208a444ef18b528b5f5890b8b9');
insert into `t_pages_permissions` ( `is_allow`, `create_time`, `group`, `page_id`) values ( '1', '2018-10-20 22:06:20.732892', 'developer', '52f23beb1faf40b5bf8eda4d57fb07c4');
insert into `t_pages_permissions` ( `is_allow`, `create_time`, `group`, `page_id`) values ( '1', '2018-10-20 22:06:22.221639', 'developer', '6addbb93a2974551ac6f39afb2cffe52');
insert into `t_pages_permissions` ( `is_allow`, `create_time`, `group`, `page_id`) values ( '1', '2018-10-20 22:06:22.810417', 'developer', '9b3ca9dfb15f4b7fa6aa6b3f1e8619f1');
insert into `t_pages_permissions` ( `is_allow`, `create_time`, `group`, `page_id`) values ( '1', '2018-10-20 22:06:23.586181', 'developer', 'a7dfefb886bb4c3bbf6b250c2bed1ecf');
insert into `t_pages_permissions` ( `is_allow`, `create_time`, `group`, `page_id`) values ( '1', '2018-10-20 22:06:27.399962', 'developer', 'f536711bc69b404285261f710f36a13b');
insert into `t_pages_permissions` ( `is_allow`, `create_time`, `group`, `page_id`) values ( '-1', '2018-10-20 22:06:28.406993', 'developer', 'c880ec50a8bc480e9803a03dcfbed80d');
insert into `t_pages_permissions` ( `is_allow`, `create_time`, `group`, `page_id`) values ( '-1', '2018-10-20 22:06:29.238254', 'developer', 'c064bce1da0f48729523c7ebedcd8f13');
insert into `t_pages_permissions` ( `is_allow`, `create_time`, `group`, `page_id`) values ( '-1', '2018-10-20 22:06:30.067673', 'developer', 'e1ffdf5b1e48411ea914878617a0d1b4');
insert into `t_pages_permissions` ( `is_allow`, `create_time`, `group`, `page_id`) values ( '-1', '2018-10-20 22:06:30.772935', 'developer', 'b911770ecf2f49ce8493910653cf7422');
insert into `t_pages_permissions` ( `is_allow`, `create_time`, `group`, `page_id`) values ( '-1', '2018-10-20 22:06:31.544004', 'developer', '85602f019cdb49fda5ce5d61e8ced662');
insert into `t_pages_permissions` ( `is_allow`, `create_time`, `group`, `page_id`) values ( '-1', '2018-10-20 22:06:32.291091', 'developer', '6779c9a09b004018b95273e5b71e2ce7');
insert into `t_pages_permissions` ( `is_allow`, `create_time`, `group`, `page_id`) values ( '-1', '2018-10-20 22:06:34.107075', 'developer', 'b3be361d61614184bc87d2b273a03b96');
insert into `t_pages_permissions` ( `is_allow`, `create_time`, `group`, `page_id`) values ( '-1', '2018-10-20 22:06:34.888898', 'developer', '606040ce942048748c6c9ae47c64927d');
insert into `t_pages_permissions` ( `is_allow`, `create_time`, `group`, `page_id`) values ( '-1', '2018-10-20 22:06:35.517540', 'developer', '45993fc8a6b947be9c5cdf719089db13');
insert into `t_pages_permissions` ( `is_allow`, `create_time`, `group`, `page_id`) values ( '-1', '2018-10-20 22:06:36.953128', 'developer', '3c9370c5351d4711bd23937dc288639b');
insert into `t_pages_permissions` ( `is_allow`, `create_time`, `group`, `page_id`) values ( '1', '2018-10-20 22:06:38.165718', 'developer', '2a16016b00fa4c39a80ae4140a92d5f0');
insert into `t_pages_permissions` ( `is_allow`, `create_time`, `group`, `page_id`) values ( '1', '2018-10-20 22:06:47.297157', 'pm', '0a3a0c4311134eb198dff5933ac2b2dd');
insert into `t_pages_permissions` ( `is_allow`, `create_time`, `group`, `page_id`) values ( '1', '2018-10-20 22:06:47.888223', 'pm', '6feeacc00d644a0ba1df38d461d0dfbd');
insert into `t_pages_permissions` ( `is_allow`, `create_time`, `group`, `page_id`) values ( '1', '2018-10-20 22:06:48.599069', 'pm', '846bbc4cfbe24de0b36cdf59bcfd635a');
insert into `t_pages_permissions` ( `is_allow`, `create_time`, `group`, `page_id`) values ( '1', '2018-10-20 22:06:49.395304', 'pm', '88fe84b661bd40c0b37ffcdf580861e4');
insert into `t_pages_permissions` ( `is_allow`, `create_time`, `group`, `page_id`) values ( '1', '2018-10-20 22:06:50.070667', 'pm', 'beced0b00904435d932ea2671d050dc3');
insert into `t_pages_permissions` ( `is_allow`, `create_time`, `group`, `page_id`) values ( '1', '2018-10-20 22:06:50.740600', 'pm', 'e15c910a5428419a960e23b170712bab');
insert into `t_pages_permissions` ( `is_allow`, `create_time`, `group`, `page_id`) values ( '1', '2018-10-20 22:06:53.051390', 'pm', 'ebf8d4aeb37a476aa2d351457d34fee6');
insert into `t_pages_permissions` ( `is_allow`, `create_time`, `group`, `page_id`) values ( '1', '2018-10-20 22:06:54.855151', 'pm', '1452b489e06d4c5386724ba321312b47');
insert into `t_pages_permissions` ( `is_allow`, `create_time`, `group`, `page_id`) values ( '1', '2018-10-20 22:06:56.233950', 'pm', '1b3953f13759455b964347b170779944');
insert into `t_pages_permissions` ( `is_allow`, `create_time`, `group`, `page_id`) values ( '1', '2018-10-20 22:06:56.860701', 'pm', '33eeef208a444ef18b528b5f5890b8b9');
insert into `t_pages_permissions` ( `is_allow`, `create_time`, `group`, `page_id`) values ( '1', '2018-10-20 22:06:57.487179', 'pm', '52f23beb1faf40b5bf8eda4d57fb07c4');
insert into `t_pages_permissions` ( `is_allow`, `create_time`, `group`, `page_id`) values ( '1', '2018-10-20 22:06:58.464566', 'pm', '6addbb93a2974551ac6f39afb2cffe52');
insert into `t_pages_permissions` ( `is_allow`, `create_time`, `group`, `page_id`) values ( '1', '2018-10-20 22:06:59.287387', 'pm', '9b3ca9dfb15f4b7fa6aa6b3f1e8619f1');
insert into `t_pages_permissions` ( `is_allow`, `create_time`, `group`, `page_id`) values ( '1', '2018-10-20 22:07:00.578677', 'pm', 'a7dfefb886bb4c3bbf6b250c2bed1ecf');
insert into `t_pages_permissions` ( `is_allow`, `create_time`, `group`, `page_id`) values ( '1', '2018-10-20 22:07:01.798051', 'pm', '2a16016b00fa4c39a80ae4140a92d5f0');
insert into `t_pages_permissions` ( `is_allow`, `create_time`, `group`, `page_id`) values ( '-1', '2018-10-20 22:07:03.139220', 'pm', '3c9370c5351d4711bd23937dc288639b');
insert into `t_pages_permissions` ( `is_allow`, `create_time`, `group`, `page_id`) values ( '-1', '2018-10-20 22:07:03.896444', 'pm', '45993fc8a6b947be9c5cdf719089db13');
insert into `t_pages_permissions` ( `is_allow`, `create_time`, `group`, `page_id`) values ( '-1', '2018-10-20 22:07:04.533505', 'pm', '606040ce942048748c6c9ae47c64927d');
insert into `t_pages_permissions` ( `is_allow`, `create_time`, `group`, `page_id`) values ( '-1', '2018-10-20 22:07:05.189746', 'pm', 'b3be361d61614184bc87d2b273a03b96');
insert into `t_pages_permissions` ( `is_allow`, `create_time`, `group`, `page_id`) values ( '1', '2018-10-20 22:07:06.449587', 'pm', '6779c9a09b004018b95273e5b71e2ce7');
insert into `t_pages_permissions` ( `is_allow`, `create_time`, `group`, `page_id`) values ( '1', '2018-10-20 22:07:07.749436', 'pm', '85602f019cdb49fda5ce5d61e8ced662');
insert into `t_pages_permissions` ( `is_allow`, `create_time`, `group`, `page_id`) values ( '1', '2018-10-20 22:07:08.445953', 'pm', 'b911770ecf2f49ce8493910653cf7422');
insert into `t_pages_permissions` ( `is_allow`, `create_time`, `group`, `page_id`) values ( '1', '2018-10-20 22:07:09.065274', 'pm', 'e1ffdf5b1e48411ea914878617a0d1b4');
insert into `t_pages_permissions` ( `is_allow`, `create_time`, `group`, `page_id`) values ( '-1', '2018-10-20 22:07:10.446038', 'pm', 'c064bce1da0f48729523c7ebedcd8f13');
insert into `t_pages_permissions` ( `is_allow`, `create_time`, `group`, `page_id`) values ( '-1', '2018-10-20 22:07:11.845938', 'pm', 'c880ec50a8bc480e9803a03dcfbed80d');
insert into `t_pages_permissions` ( `is_allow`, `create_time`, `group`, `page_id`) values ( '1', '2018-10-20 22:07:13.191961', 'pm', 'f536711bc69b404285261f710f36a13b');
insert into `t_pages_permissions` ( `is_allow`, `create_time`, `group`, `page_id`) values ( '1', '2018-10-20 22:07:16.478769', 'design', '0a3a0c4311134eb198dff5933ac2b2dd');
insert into `t_pages_permissions` ( `is_allow`, `create_time`, `group`, `page_id`) values ( '1', '2018-10-20 22:07:17.074930', 'design', '6feeacc00d644a0ba1df38d461d0dfbd');
insert into `t_pages_permissions` ( `is_allow`, `create_time`, `group`, `page_id`) values ( '1', '2018-10-20 22:07:17.950101', 'design', '846bbc4cfbe24de0b36cdf59bcfd635a');
insert into `t_pages_permissions` ( `is_allow`, `create_time`, `group`, `page_id`) values ( '1', '2018-10-20 22:07:18.643334', 'design', '88fe84b661bd40c0b37ffcdf580861e4');
insert into `t_pages_permissions` ( `is_allow`, `create_time`, `group`, `page_id`) values ( '1', '2018-10-20 22:07:19.266142', 'design', 'beced0b00904435d932ea2671d050dc3');
insert into `t_pages_permissions` ( `is_allow`, `create_time`, `group`, `page_id`) values ( '1', '2018-10-20 22:07:19.845319', 'design', 'e15c910a5428419a960e23b170712bab');
insert into `t_pages_permissions` ( `is_allow`, `create_time`, `group`, `page_id`) values ( '1', '2018-10-20 22:07:20.489282', 'design', 'ebf8d4aeb37a476aa2d351457d34fee6');
insert into `t_pages_permissions` ( `is_allow`, `create_time`, `group`, `page_id`) values ( '1', '2018-10-20 22:07:21.847381', 'design', '1452b489e06d4c5386724ba321312b47');
insert into `t_pages_permissions` ( `is_allow`, `create_time`, `group`, `page_id`) values ( '1', '2018-10-20 22:07:25.067545', 'design', '1b3953f13759455b964347b170779944');
insert into `t_pages_permissions` ( `is_allow`, `create_time`, `group`, `page_id`) values ( '1', '2018-10-20 22:07:25.696145', 'design', '33eeef208a444ef18b528b5f5890b8b9');
insert into `t_pages_permissions` ( `is_allow`, `create_time`, `group`, `page_id`) values ( '1', '2018-10-20 22:07:26.471451', 'design', '52f23beb1faf40b5bf8eda4d57fb07c4');
insert into `t_pages_permissions` ( `is_allow`, `create_time`, `group`, `page_id`) values ( '1', '2018-10-20 22:07:27.950463', 'design', '6addbb93a2974551ac6f39afb2cffe52');
insert into `t_pages_permissions` ( `is_allow`, `create_time`, `group`, `page_id`) values ( '1', '2018-10-20 22:07:29.431501', 'design', '9b3ca9dfb15f4b7fa6aa6b3f1e8619f1');
insert into `t_pages_permissions` ( `is_allow`, `create_time`, `group`, `page_id`) values ( '1', '2018-10-20 22:07:30.131792', 'design', 'a7dfefb886bb4c3bbf6b250c2bed1ecf');
insert into `t_pages_permissions` ( `is_allow`, `create_time`, `group`, `page_id`) values ( '1', '2018-10-20 22:07:31.507224', 'design', '2a16016b00fa4c39a80ae4140a92d5f0');
insert into `t_pages_permissions` ( `is_allow`, `create_time`, `group`, `page_id`) values ( '-1', '2018-10-20 22:07:34.396826', 'design', '3c9370c5351d4711bd23937dc288639b');
insert into `t_pages_permissions` ( `is_allow`, `create_time`, `group`, `page_id`) values ( '-1', '2018-10-20 22:07:35.994407', 'design', '45993fc8a6b947be9c5cdf719089db13');
insert into `t_pages_permissions` ( `is_allow`, `create_time`, `group`, `page_id`) values ( '-1', '2018-10-20 22:07:36.642521', 'design', '606040ce942048748c6c9ae47c64927d');
insert into `t_pages_permissions` ( `is_allow`, `create_time`, `group`, `page_id`) values ( '-1', '2018-10-20 22:07:37.325990', 'design', 'b3be361d61614184bc87d2b273a03b96');
insert into `t_pages_permissions` ( `is_allow`, `create_time`, `group`, `page_id`) values ( '1', '2018-10-20 22:07:38.370184', 'design', '6779c9a09b004018b95273e5b71e2ce7');
insert into `t_pages_permissions` ( `is_allow`, `create_time`, `group`, `page_id`) values ( '1', '2018-10-20 22:07:39.680422', 'design', '85602f019cdb49fda5ce5d61e8ced662');
insert into `t_pages_permissions` ( `is_allow`, `create_time`, `group`, `page_id`) values ( '1', '2018-10-20 22:07:40.557148', 'design', 'b911770ecf2f49ce8493910653cf7422');
insert into `t_pages_permissions` ( `is_allow`, `create_time`, `group`, `page_id`) values ( '1', '2018-10-20 22:07:41.325290', 'design', 'e1ffdf5b1e48411ea914878617a0d1b4');
insert into `t_pages_permissions` ( `is_allow`, `create_time`, `group`, `page_id`) values ( '-1', '2018-10-20 22:07:42.813458', 'design', 'c064bce1da0f48729523c7ebedcd8f13');
insert into `t_pages_permissions` ( `is_allow`, `create_time`, `group`, `page_id`) values ( '-1', '2018-10-20 22:07:43.530813', 'design', 'c880ec50a8bc480e9803a03dcfbed80d');
insert into `t_pages_permissions` ( `is_allow`, `create_time`, `group`, `page_id`) values ( '1', '2018-10-20 22:07:44.517492', 'design', 'f536711bc69b404285261f710f36a13b');
insert into `t_pages_permissions` ( `is_allow`, `create_time`, `group`, `page_id`) values ( '1', '2018-10-20 22:07:48.373738', 'manager', '0a3a0c4311134eb198dff5933ac2b2dd');
insert into `t_pages_permissions` ( `is_allow`, `create_time`, `group`, `page_id`) values ( '1', '2018-10-20 22:07:49.031539', 'manager', '6feeacc00d644a0ba1df38d461d0dfbd');
insert into `t_pages_permissions` ( `is_allow`, `create_time`, `group`, `page_id`) values ( '1', '2018-10-20 22:07:49.650431', 'manager', '846bbc4cfbe24de0b36cdf59bcfd635a');
insert into `t_pages_permissions` ( `is_allow`, `create_time`, `group`, `page_id`) values ( '1', '2018-10-20 22:07:51.477354', 'manager', '88fe84b661bd40c0b37ffcdf580861e4');
insert into `t_pages_permissions` ( `is_allow`, `create_time`, `group`, `page_id`) values ( '1', '2018-10-20 22:07:53.120992', 'manager', 'beced0b00904435d932ea2671d050dc3');
insert into `t_pages_permissions` ( `is_allow`, `create_time`, `group`, `page_id`) values ( '1', '2018-10-20 22:07:53.986331', 'manager', 'e15c910a5428419a960e23b170712bab');
insert into `t_pages_permissions` ( `is_allow`, `create_time`, `group`, `page_id`) values ( '1', '2018-10-20 22:07:54.711433', 'manager', 'ebf8d4aeb37a476aa2d351457d34fee6');
insert into `t_pages_permissions` ( `is_allow`, `create_time`, `group`, `page_id`) values ( '1', '2018-10-20 22:07:56.184469', 'manager', '1452b489e06d4c5386724ba321312b47');
insert into `t_pages_permissions` ( `is_allow`, `create_time`, `group`, `page_id`) values ( '1', '2018-10-20 22:07:56.978029', 'manager', '1b3953f13759455b964347b170779944');
insert into `t_pages_permissions` ( `is_allow`, `create_time`, `group`, `page_id`) values ( '1', '2018-10-20 22:07:57.854049', 'manager', '33eeef208a444ef18b528b5f5890b8b9');
insert into `t_pages_permissions` ( `is_allow`, `create_time`, `group`, `page_id`) values ( '1', '2018-10-20 22:07:59.710964', 'manager', '52f23beb1faf40b5bf8eda4d57fb07c4');
insert into `t_pages_permissions` ( `is_allow`, `create_time`, `group`, `page_id`) values ( '1', '2018-10-20 22:08:00.869524', 'manager', '6addbb93a2974551ac6f39afb2cffe52');
insert into `t_pages_permissions` ( `is_allow`, `create_time`, `group`, `page_id`) values ( '1', '2018-10-20 22:08:02.318616', 'manager', '9b3ca9dfb15f4b7fa6aa6b3f1e8619f1');
insert into `t_pages_permissions` ( `is_allow`, `create_time`, `group`, `page_id`) values ( '1', '2018-10-20 22:08:03.729159', 'manager', 'a7dfefb886bb4c3bbf6b250c2bed1ecf');
insert into `t_pages_permissions` ( `is_allow`, `create_time`, `group`, `page_id`) values ( '1', '2018-10-20 22:08:05.269825', 'manager', '2a16016b00fa4c39a80ae4140a92d5f0');
insert into `t_pages_permissions` ( `is_allow`, `create_time`, `group`, `page_id`) values ( '1', '2018-10-20 22:08:06.394937', 'manager', '3c9370c5351d4711bd23937dc288639b');
insert into `t_pages_permissions` ( `is_allow`, `create_time`, `group`, `page_id`) values ( '1', '2018-10-20 22:08:07.307500', 'manager', '45993fc8a6b947be9c5cdf719089db13');
insert into `t_pages_permissions` ( `is_allow`, `create_time`, `group`, `page_id`) values ( '1', '2018-10-20 22:08:09.173532', 'manager', '606040ce942048748c6c9ae47c64927d');
insert into `t_pages_permissions` ( `is_allow`, `create_time`, `group`, `page_id`) values ( '1', '2018-10-20 22:08:09.822062', 'manager', 'b3be361d61614184bc87d2b273a03b96');
insert into `t_pages_permissions` ( `is_allow`, `create_time`, `group`, `page_id`) values ( '1', '2018-10-20 22:08:11.201881', 'manager', '6779c9a09b004018b95273e5b71e2ce7');
insert into `t_pages_permissions` ( `is_allow`, `create_time`, `group`, `page_id`) values ( '1', '2018-10-20 22:08:12.173255', 'manager', '85602f019cdb49fda5ce5d61e8ced662');
insert into `t_pages_permissions` ( `is_allow`, `create_time`, `group`, `page_id`) values ( '1', '2018-10-20 22:08:12.837789', 'manager', 'b911770ecf2f49ce8493910653cf7422');
insert into `t_pages_permissions` ( `is_allow`, `create_time`, `group`, `page_id`) values ( '1', '2018-10-20 22:08:13.547009', 'manager', 'e1ffdf5b1e48411ea914878617a0d1b4');
insert into `t_pages_permissions` ( `is_allow`, `create_time`, `group`, `page_id`) values ( '1', '2018-10-20 22:08:14.999589', 'manager', 'c064bce1da0f48729523c7ebedcd8f13');
insert into `t_pages_permissions` ( `is_allow`, `create_time`, `group`, `page_id`) values ( '1', '2018-10-20 22:08:15.728062', 'manager', 'c880ec50a8bc480e9803a03dcfbed80d');
insert into `t_pages_permissions` ( `is_allow`, `create_time`, `group`, `page_id`) values ( '1', '2018-10-20 22:08:17.342738', 'manager', 'f536711bc69b404285261f710f36a13b');